dataset,descriptor,object_type,color_mode,n_samples,n_classes,feature_dim,n_folds,TabPFN_mean,TabPFN_std,TabPFN_time,XGBoost_mean,XGBoost_std,XGBoost_time,CatBoost_mean,CatBoost_std,CatBoost_time,RandomForest_mean,RandomForest_std,RandomForest_time,TabM_mean,TabM_std,TabM_time,RealMLP_mean,RealMLP_std,RealMLP_time,best_classifier,best_accuracy
AML_Cytomorphology,ATOL,discrete_cells,per_channel,5000,15,120,5,0.396486,0.021938,207.800000,0.356431,0.032047,32.500000,0.383583,0.028203,66.700000,0.287166,0.015138,8.100000,0.386421,0.018396,13.000000,0.375444,0.013923,23.900000,TabPFN,0.396486
AML_Cytomorphology,betti_curves,discrete_cells,per_channel,5000,15,720,5,0.386014,0.012648,687.100000,0.358252,0.010998,91.100000,0.380097,0.027968,192.900000,0.304486,0.020029,11.500000,0.407038,0.036298,18.900000,0.380918,0.021879,25.500000,TabM,0.407038
AML_Cytomorphology,edge_histogram,discrete_cells,per_channel,5000,15,1440,5,0.143792,0.008187,1197.200000,0.141079,0.008664,340.700000,0.189026,0.032888,265.800000,0.168016,0.032222,10.100000,0.141002,0.006249,24.800000,0.143608,0.011073,40.400000,CatBoost,0.189026
AML_Cytomorphology,euler_characteristic_curve,discrete_cells,per_channel,5000,15,480,5,0.340520,0.019689,651.800000,0.330123,0.020983,58.000000,0.376709,0.024014,137.300000,0.290721,0.023813,9.100000,0.332836,0.017969,15.400000,0.341594,0.021256,24.300000,CatBoost,0.376709
AML_Cytomorphology,euler_characteristic_transform,discrete_cells,per_channel,5000,15,360,5,0.116902,0.004743,1413.000000,0.122793,0.006190,102.000000,0.129337,0.005065,242.400000,0.103582,0.008098,21.500000,0.117261,0.013697,25.700000,0.107255,0.009619,36.200000,CatBoost,0.129337
AML_Cytomorphology,lbp_texture,discrete_cells,per_channel,5000,15,912,5,0.286725,0.012528,292.600000,0.245592,0.019398,81.400000,0.288717,0.011943,80.500000,0.193598,0.011102,7.000000,0.301934,0.031051,20.000000,0.290669,0.022038,24.900000,TabM,0.301934
AML_Cytomorphology,minkowski_functionals,discrete_cells,per_channel,5000,15,540,5,0.390441,0.006657,4346.500000,0.373745,0.022707,156.800000,0.399291,0.023915,752.200000,0.343779,0.019070,37.200000,0.391467,0.041746,35.900000,0.400996,0.029472,43.800000,RealMLP,0.400996
AML_Cytomorphology,persistence_codebook,discrete_cells,per_channel,5000,15,288,5,0.401916,0.038368,404.500000,0.360724,0.033961,70.700000,0.385806,0.030277,114.400000,0.293297,0.014988,11.400000,0.374446,0.017210,14.000000,0.378815,0.019019,23.700000,TabPFN,0.401916
AML_Cytomorphology,persistence_entropy,discrete_cells,per_channel,5000,15,1200,5,0.308007,0.016375,808.300000,0.306192,0.018591,620.600000,0.320359,0.016766,403.700000,0.253158,0.013331,22.700000,0.301601,0.014314,26.000000,0.313208,0.017840,28.800000,CatBoost,0.320359
AML_Cytomorphology,persistence_image,discrete_cells,per_channel,5000,15,600,5,0.270663,0.015625,710.700000,0.288469,0.018505,124.200000,0.322571,0.018757,169.400000,0.208973,0.013611,7.500000,0.277854,0.012483,16.400000,0.284914,0.020324,29.100000,CatBoost,0.322571
AML_Cytomorphology,persistence_landscapes,discrete_cells,per_channel,5000,15,10500,5,0.336558,0.016161,3310.900000,0.344615,0.014780,2614.300000,0.370780,0.021654,2819.700000,0.301072,0.008843,62.200000,0.377418,0.024901,134.200000,0.373638,0.022585,59.900000,TabM,0.377418
AML_Cytomorphology,persistence_silhouette,discrete_cells,per_channel,5000,15,720,5,0.314773,0.011023,706.600000,0.297079,0.016066,386.700000,0.335161,0.022061,244.200000,0.247498,0.009171,19.700000,0.342668,0.021465,20.100000,0.315228,0.022100,28.100000,TabM,0.342668
AML_Cytomorphology,persistence_statistics,discrete_cells,per_channel,5000,15,186,5,0.372770,0.023926,267.000000,0.333319,0.027019,43.700000,0.322474,0.016460,81.400000,0.273998,0.015146,8.800000,0.351155,0.019529,13.800000,0.355746,0.027151,23.900000,TabPFN,0.372770
AML_Cytomorphology,template_functions,discrete_cells,per_channel,5000,15,486,5,0.387296,0.008950,647.400000,0.348307,0.025963,149.200000,0.384432,0.024941,181.600000,0.293456,0.023710,11.300000,0.358735,0.014199,14.800000,0.365881,0.023516,27.500000,TabPFN,0.387296
AML_Cytomorphology,tropical_coordinates,discrete_cells,per_channel,5000,15,432,5,0.272282,0.016182,599.100000,0.256320,0.017080,80.600000,0.269216,0.015660,148.700000,0.197963,0.010003,10.000000,0.241616,0.021641,15.000000,0.261324,0.019197,24.800000,TabPFN,0.272282
APTOS2019,ATOL,vessel_trees,per_channel,3296,5,120,5,0.487098,0.012065,71.400000,0.490294,0.020400,23.300000,0.518490,0.017220,61.500000,0.474556,0.010191,11.000000,0.463411,0.012419,23.800000,0.469002,0.023007,21.600000,CatBoost,0.518490
APTOS2019,betti_curves,vessel_trees,per_channel,3296,5,840,5,0.465046,0.008975,94.200000,0.481312,0.015642,123.800000,0.499987,0.017092,168.400000,0.438544,0.013812,7.800000,0.461399,0.025382,15.900000,0.432086,0.009900,17.900000,CatBoost,0.499987
APTOS2019,edge_histogram,vessel_trees,per_channel,3296,5,1152,5,0.485708,0.021317,456.500000,0.498253,0.020244,488.400000,0.531352,0.027282,830.000000,0.486101,0.019340,24.500000,0.473726,0.024847,32.800000,0.465500,0.013926,36.600000,CatBoost,0.531352
APTOS2019,euler_characteristic_curve,vessel_trees,per_channel,3296,5,480,5,0.482864,0.013281,89.100000,0.479523,0.013061,49.400000,0.511170,0.019241,91.500000,0.449793,0.013686,5.900000,0.451784,0.009185,11.100000,0.446930,0.020134,17.000000,CatBoost,0.511170
APTOS2019,euler_characteristic_transform,vessel_trees,per_channel,3296,5,2400,5,0.377351,0.010734,411.200000,0.431608,0.012057,407.600000,0.449372,0.018047,430.000000,0.408811,0.016555,13.000000,0.403771,0.019747,29.300000,0.398661,0.019993,32.200000,CatBoost,0.449372
APTOS2019,lbp_texture,vessel_trees,per_channel,3296,5,912,5,0.577167,0.017015,46.500000,0.527919,0.016778,46.800000,0.561468,0.013523,53.000000,0.501813,0.006847,5.000000,0.539858,0.025178,14.600000,0.539194,0.011742,17.900000,TabPFN,0.577167
APTOS2019,minkowski_functionals,vessel_trees,per_channel,3296,5,405,5,0.480551,0.012204,332.800000,0.484338,0.006982,20768.300000,0.519819,0.021789,254.200000,0.487392,0.020216,20.900000,0.440187,0.009926,33.900000,0.449501,0.015510,41.900000,CatBoost,0.519819
APTOS2019,persistence_entropy,vessel_trees,per_channel,3296,5,600,5,0.487532,0.011086,243.800000,0.490599,0.014980,103.000000,0.513796,0.012302,175.700000,0.448762,0.017326,15.100000,0.477578,0.026051,20.000000,0.467752,0.010451,22.300000,CatBoost,0.513796
APTOS2019,persistence_image,vessel_trees,per_channel,3296,5,1176,5,0.283068,0.006661,465.900000,0.370406,0.010029,78.800000,0.395924,0.033665,131.800000,0.338194,0.009251,14.500000,0.291417,0.009552,30.600000,0.263051,0.014112,35.300000,CatBoost,0.395924
APTOS2019,persistence_landscapes,vessel_trees,per_channel,3296,5,3000,5,0.496801,0.011141,587.600000,0.499086,0.018066,341.500000,0.532892,0.014113,380.200000,0.464979,0.016256,16.300000,0.476641,0.028475,44.600000,0.490965,0.019669,27.900000,CatBoost,0.532892
APTOS2019,persistence_silhouette,vessel_trees,per_channel,3296,5,840,5,0.485394,0.016287,440.800000,0.490195,0.010230,428.200000,0.514459,0.016161,667.400000,0.465654,0.014593,46.000000,0.468091,0.012003,39.100000,0.459108,0.007877,38.100000,CatBoost,0.514459
APTOS2019,persistence_statistics,vessel_trees,per_channel,3296,5,186,5,0.545534,0.019084,42.600000,0.527939,0.019950,30.600000,0.549854,0.022650,50.900000,0.508574,0.016299,5.400000,0.503434,0.017898,9.000000,0.505649,0.022254,16.400000,CatBoost,0.549854
APTOS2019,template_functions,vessel_trees,per_channel,3296,5,150,5,0.508706,0.018881,76.600000,0.517999,0.026872,22.100000,0.538416,0.019138,59.300000,0.490382,0.025736,8.000000,0.493803,0.011450,14.600000,0.494335,0.028513,22.000000,CatBoost,0.538416
APTOS2019,tropical_coordinates,vessel_trees,per_channel,3296,5,240,5,0.517373,0.018175,117.200000,0.501387,0.021039,25.700000,0.539070,0.012801,67.800000,0.463463,0.012730,8.300000,0.476275,0.016901,13.500000,0.487360,0.012427,23.100000,CatBoost,0.539070
BloodMNIST,ATOL,discrete_cells,per_channel,5000,8,120,5,0.976302,0.002369,183.900000,0.953390,0.007285,59.100000,0.957876,0.008833,307.900000,0.936143,0.008814,31.600000,0.964263,0.006038,36.000000,0.970687,0.004846,90.300000,TabPFN,0.976302
BloodMNIST,betti_curves,discrete_cells,per_channel,5000,8,720,5,0.974833,0.006101,840.300000,0.949455,0.004517,148.400000,0.953420,0.006693,656.400000,0.931696,0.007290,32.500000,0.961450,0.003870,47.600000,0.961201,0.010845,81.400000,TabPFN,0.974833
BloodMNIST,edge_histogram,discrete_cells,per_channel,5000,8,1440,5,0.789861,0.007761,817.900000,0.766124,0.007161,1065.000000,0.779770,0.012870,1862.800000,0.694730,0.012154,60.200000,0.768401,0.011407,51.800000,0.770984,0.009015,54.400000,TabPFN,0.789861
BloodMNIST,euler_characteristic_curve,discrete_cells,per_channel,5000,8,480,5,0.973029,0.004090,676.700000,0.944023,0.005801,86.000000,0.944520,0.005007,353.600000,0.919933,0.012038,25.000000,0.953355,0.005465,37.800000,0.954380,0.004255,60.400000,TabPFN,0.973029
BloodMNIST,euler_characteristic_transform,discrete_cells,per_channel,5000,8,360,5,0.464046,0.018850,499.900000,0.392509,0.018905,202.100000,0.408777,0.009434,384.300000,0.333385,0.010161,35.000000,0.409532,0.014282,32.100000,0.414441,0.011551,47.900000,TabPFN,0.464046
BloodMNIST,lbp_texture,discrete_cells,per_channel,5000,8,912,5,0.900037,0.012582,277.100000,0.793069,0.014043,169.600000,0.797050,0.010346,249.500000,0.664931,0.022488,26.700000,0.862911,0.015977,38.300000,0.865103,0.015547,50.400000,TabPFN,0.900037
BloodMNIST,minkowski_functionals,discrete_cells,per_channel,5000,8,540,5,0.977228,0.003199,847.600000,0.942920,0.006324,114.200000,0.942701,0.005090,508.000000,0.920604,0.006383,34.100000,0.955719,0.003018,40.400000,0.956623,0.007000,47.700000,TabPFN,0.977228
BloodMNIST,persistence_codebook,discrete_cells,per_channel,5000,8,288,5,0.979580,0.003220,407.000000,0.952468,0.009086,100.200000,0.957179,0.007839,587.400000,0.933070,0.009192,34.400000,0.962162,0.006818,23.900000,0.965898,0.007583,45.100000,TabPFN,0.979580
BloodMNIST,persistence_entropy,discrete_cells,per_channel,5000,8,1200,5,0.940784,0.004477,838.400000,0.909506,0.004380,687.000000,0.914622,0.005533,1617.200000,0.866146,0.007701,75.500000,0.906386,0.004953,57.000000,0.924185,0.007053,51.800000,TabPFN,0.940784
BloodMNIST,persistence_image,discrete_cells,per_channel,5000,8,600,5,0.906269,0.004739,830.900000,0.896155,0.012875,161.900000,0.898513,0.009243,531.200000,0.827531,0.016374,23.400000,0.906284,0.004261,33.600000,0.892445,0.010177,49.200000,TabM,0.906284
BloodMNIST,persistence_landscapes,discrete_cells,per_channel,5000,8,10500,5,0.969217,0.006011,3693.400000,0.949118,0.004361,3509.100000,0.000000,0.000000,3022.400000,0.928834,0.011064,122.300000,0.961441,0.005557,266.900000,0.963260,0.008659,114.200000,TabPFN,0.969217
BloodMNIST,persistence_silhouette,discrete_cells,per_channel,5000,8,720,5,0.955850,0.007007,777.200000,0.920917,0.011604,438.000000,0.926781,0.006662,1069.500000,0.901813,0.009869,64.200000,0.943876,0.007621,49.000000,0.942091,0.008263,77.500000,TabPFN,0.955850
BloodMNIST,persistence_statistics,discrete_cells,per_channel,5000,8,186,5,0.967161,0.009383,262.800000,0.929134,0.009081,56.100000,0.930828,0.007125,222.600000,0.899353,0.011809,29.400000,0.945672,0.011929,29.200000,0.952779,0.011758,48.100000,TabPFN,0.967161
BloodMNIST,template_functions,discrete_cells,per_channel,5000,8,486,5,0.978978,0.004686,702.200000,0.947708,0.006099,248.600000,0.952481,0.007104,643.200000,0.924578,0.009764,38.300000,0.961464,0.005731,34.800000,0.962517,0.005846,81.000000,TabPFN,0.978978
BloodMNIST,tropical_coordinates,discrete_cells,per_channel,5000,8,432,5,0.923460,0.008462,655.200000,0.875908,0.012921,141.500000,0.878320,0.005605,463.300000,0.814649,0.010441,34.600000,0.860864,0.009496,37.900000,0.886795,0.004928,50.300000,TabPFN,0.923460
BrainTumorMRI,ATOL,organ_shape,grayscale,5000,4,48,5,0.960842,0.008195,82.300000,0.927678,0.016505,20.300000,0.917051,0.015263,69.800000,0.903220,0.017825,20.300000,0.932504,0.013763,28.900000,0.935470,0.011359,56.300000,TabPFN,0.960842
BrainTumorMRI,betti_curves,organ_shape,grayscale,5000,4,100,5,0.945320,0.009391,143.300000,0.911471,0.014368,25.100000,0.897881,0.012031,95.200000,0.891280,0.019013,20.300000,0.914733,0.008101,34.100000,0.922672,0.010916,46.900000,TabPFN,0.945320
BrainTumorMRI,edge_histogram,organ_shape,grayscale,5000,4,512,5,0.910054,0.008328,847.100000,0.870678,0.014171,263.600000,0.846405,0.009080,361.700000,0.841442,0.009881,46.400000,0.867385,0.012223,42.000000,0.871633,0.006062,74.200000,TabPFN,0.910054
BrainTumorMRI,euler_characteristic_curve,organ_shape,grayscale,5000,4,60,5,0.924513,0.010822,94.500000,0.894381,0.018244,19.100000,0.879729,0.016444,79.100000,0.875087,0.022469,17.500000,0.893570,0.017375,34.700000,0.890907,0.012410,46.900000,TabPFN,0.924513
BrainTumorMRI,euler_characteristic_transform,organ_shape,grayscale,5000,4,240,5,0.795151,0.011730,345.600000,0.726670,0.010028,79.800000,0.695425,0.007494,163.900000,0.665613,0.012773,28.900000,0.740940,0.009805,37.000000,0.703292,0.006661,46.700000,TabPFN,0.795151
BrainTumorMRI,lbp_texture,organ_shape,grayscale,5000,4,180,5,0.949222,0.007868,89.300000,0.918508,0.005309,29.500000,0.904193,0.007271,74.400000,0.905430,0.006819,16.400000,0.919385,0.006841,37.900000,0.917749,0.005627,55.800000,TabPFN,0.949222
BrainTumorMRI,minkowski_functionals,organ_shape,grayscale,5000,4,105,5,0.947494,0.009744,152.500000,0.903821,0.016842,29.800000,0.887375,0.019421,86.200000,0.887915,0.017240,21.600000,0.908156,0.015689,35.600000,0.897267,0.008869,47.700000,TabPFN,0.947494
BrainTumorMRI,persistence_codebook,organ_shape,grayscale,5000,4,56,5,0.955699,0.009959,90.400000,0.928864,0.012584,21.700000,0.916209,0.011023,79.500000,0.898014,0.012967,21.300000,0.931876,0.012959,29.300000,0.932990,0.014403,75.000000,TabPFN,0.955699
BrainTumorMRI,persistence_entropy,organ_shape,grayscale,5000,4,160,5,0.911332,0.010747,225.600000,0.873147,0.021688,63.700000,0.858951,0.017872,136.600000,0.855305,0.021206,30.700000,0.864967,0.017618,34.700000,0.863703,0.015941,64.600000,TabPFN,0.911332
BrainTumorMRI,persistence_image,organ_shape,grayscale,5000,4,288,5,0.833869,0.018454,292.800000,0.829344,0.014640,61.700000,0.814789,0.018091,114.800000,0.786788,0.022078,17.800000,0.805817,0.017750,35.900000,0.802933,0.014783,68.600000,TabPFN,0.833869
BrainTumorMRI,persistence_landscapes,organ_shape,grayscale,5000,4,3500,5,0.934660,0.008738,3569.100000,0.907632,0.012967,1133.500000,0.893733,0.013311,1982.000000,0.889667,0.016255,93.300000,0.907384,0.012608,119.800000,0.903898,0.012497,60.700000,TabPFN,0.934660
BrainTumorMRI,persistence_silhouette,organ_shape,grayscale,5000,4,200,5,0.922648,0.011237,289.000000,0.894576,0.010602,83.100000,0.882024,0.011273,159.600000,0.875877,0.008665,38.500000,0.882124,0.019000,38.000000,0.886517,0.016212,67.000000,TabPFN,0.922648
BrainTumorMRI,persistence_statistics,organ_shape,grayscale,5000,4,62,5,0.950823,0.008132,96.300000,0.919811,0.012392,21.700000,0.910804,0.017700,73.500000,0.905474,0.015822,19.300000,0.924291,0.010770,38.000000,0.922320,0.007253,46.700000,TabPFN,0.950823
BrainTumorMRI,template_functions,organ_shape,grayscale,5000,4,242,5,0.951487,0.007751,316.900000,0.922537,0.012884,64.400000,0.909521,0.009172,148.300000,0.898954,0.014659,24.800000,0.917389,0.015168,33.500000,0.920663,0.010159,50.300000,TabPFN,0.951487
BrainTumorMRI,tropical_coordinates,organ_shape,grayscale,5000,4,200,5,0.858094,0.009077,287.200000,0.817684,0.010663,67.300000,0.795836,0.007985,145.300000,0.806066,0.013248,29.400000,0.764860,0.014590,25.000000,0.776949,0.014887,45.900000,TabPFN,0.858094
BreakHis,ATOL,glands_lumens,per_channel,5000,8,144,5,0.869774,0.009192,123.400000,0.765169,0.007901,41.800000,0.806703,0.010920,91.700000,0.698251,0.017859,16.800000,0.842445,0.009167,39.300000,0.811998,0.007737,31.500000,TabPFN,0.869774
BreakHis,betti_curves,glands_lumens,per_channel,5000,8,1200,5,0.777218,0.010889,439.900000,0.604659,0.014387,461.400000,0.688701,0.010132,505.800000,0.523208,0.008106,35.800000,0.705100,0.014820,53.000000,0.676619,0.019119,35.100000,TabPFN,0.777218
BreakHis,edge_histogram,glands_lumens,per_channel,5000,8,1440,5,0.148330,0.003221,437.600000,0.152598,0.004868,601.900000,0.211239,0.006009,651.600000,0.123304,0.000770,53.900000,0.174737,0.008079,37.200000,0.167643,0.024305,36.200000,CatBoost,0.211239
BreakHis,euler_characteristic_curve,glands_lumens,per_channel,5000,8,420,5,0.823662,0.012571,643.600000,0.713008,0.009583,233.900000,0.758497,0.018650,499.400000,0.649747,0.014727,36.700000,0.746893,0.010019,47.800000,0.742457,0.013986,54.000000,TabPFN,0.823662
BreakHis,euler_characteristic_transform,glands_lumens,per_channel,5000,8,1200,5,0.199930,0.009675,145.400000,0.230599,0.008633,467.300000,0.313669,0.003876,365.000000,0.179560,0.010041,18.000000,0.272081,0.017614,25.900000,0.248639,0.011030,40.400000,CatBoost,0.313669
BreakHis,lbp_texture,glands_lumens,per_channel,5000,8,714,5,0.769998,0.018317,280.600000,0.526627,0.008052,202.300000,0.605302,0.011686,254.600000,0.398120,0.013183,28.700000,0.722200,0.019112,56.300000,0.682925,0.015874,50.500000,TabPFN,0.769998
BreakHis,minkowski_functionals,glands_lumens,per_channel,5000,8,144,5,0.839474,0.008377,118.000000,0.718084,0.013299,32.200000,0.766909,0.013073,77.700000,0.672702,0.008379,9.600000,0.778729,0.008104,33.800000,0.769621,0.008210,34.300000,TabPFN,0.839474
BreakHis,persistence_codebook,glands_lumens,per_channel,5000,8,336,5,0.859051,0.014120,485.900000,0.763465,0.026127,221.100000,0.800683,0.020018,427.300000,0.672786,0.018239,39.100000,0.826799,0.011460,56.200000,0.807066,0.013334,44.600000,TabPFN,0.859051
BreakHis,persistence_entropy,glands_lumens,per_channel,5000,8,600,5,0.714584,0.005696,391.400000,0.542820,0.021902,197.300000,0.627019,0.026577,274.300000,0.434297,0.018055,27.700000,0.595260,0.022067,45.400000,0.584466,0.010636,34.800000,TabPFN,0.714584
BreakHis,persistence_image,glands_lumens,per_channel,5000,8,4056,5,0.678753,0.014247,587.700000,0.568973,0.021102,1140.600000,0.659873,0.010693,657.600000,0.314150,0.016876,24.000000,0.617767,0.016640,59.100000,0.564879,0.009181,35.900000,TabPFN,0.678753
BreakHis,persistence_landscapes,glands_lumens,per_channel,5000,8,11400,5,0.752225,0.012665,1889.400000,0.588361,0.020907,4199.900000,0.000000,0.000000,3018.600000,0.526763,0.012934,118.700000,0.708428,0.006468,278.700000,0.680490,0.009381,139.500000,TabPFN,0.752225
BreakHis,persistence_silhouette,glands_lumens,per_channel,5000,8,720,5,0.734125,0.010872,147.500000,0.557114,0.014210,252.200000,0.667075,0.011750,241.600000,0.497354,0.008180,15.000000,0.669340,0.010333,22.800000,0.612564,0.015291,25.400000,TabPFN,0.734125
BreakHis,persistence_statistics,glands_lumens,per_channel,5000,8,186,5,0.887052,0.006254,273.300000,0.744039,0.013143,113.700000,0.786871,0.017975,223.800000,0.649421,0.019976,32.300000,0.822658,0.009874,39.500000,0.809762,0.031820,47.900000,TabPFN,0.887052
BreakHis,template_functions,glands_lumens,per_channel,5000,8,600,5,0.795958,0.014484,150.700000,0.631263,0.019563,264.500000,0.696182,0.020482,193.000000,0.450888,0.012366,10.700000,0.704975,0.009943,21.400000,0.695264,0.018105,24.400000,TabPFN,0.795958
BreakHis,tropical_coordinates,glands_lumens,per_channel,5000,8,720,5,0.758456,0.011954,143.200000,0.563355,0.016685,137.500000,0.649850,0.018292,168.200000,0.476179,0.014373,10.700000,0.614362,0.028686,21.900000,0.621001,0.011191,25.500000,TabPFN,0.758456
BreastMNIST,ATOL,organ_shape,grayscale,546,2,48,5,0.755442,0.047806,20.000000,0.735974,0.045737,2.500000,0.752537,0.053330,14.200000,0.655599,0.037187,7.400000,0.719174,0.053247,9.300000,0.729733,0.027785,9.800000,TabPFN,0.755442
BreastMNIST,betti_curves,organ_shape,grayscale,546,2,100,5,0.627335,0.025778,22.600000,0.655678,0.026384,1.800000,0.659516,0.027152,12.000000,0.637108,0.024731,7.300000,0.624671,0.009670,11.000000,0.644250,0.022669,7.500000,CatBoost,0.659516
BreastMNIST,edge_histogram,organ_shape,grayscale,546,2,512,5,0.708340,0.020454,53.100000,0.686813,0.034417,15.500000,0.690940,0.023981,93.100000,0.569681,0.037784,8.500000,0.712888,0.024081,13.500000,0.687733,0.036107,8.600000,TabM,0.712888
BreastMNIST,euler_characteristic_curve,organ_shape,grayscale,546,2,60,5,0.614882,0.031616,16.200000,0.647774,0.025060,1.700000,0.692602,0.040194,8.800000,0.622684,0.044508,6.900000,0.592925,0.025704,8.000000,0.631210,0.056803,7.900000,CatBoost,0.692602
BreastMNIST,euler_characteristic_transform,organ_shape,grayscale,546,2,240,5,0.646957,0.036620,30.200000,0.653135,0.057710,3.500000,0.659092,0.039680,23.000000,0.640024,0.011380,8.000000,0.591695,0.060752,9.900000,0.577501,0.033674,7.500000,CatBoost,0.659092
BreastMNIST,lbp_texture,organ_shape,grayscale,546,2,180,5,0.681547,0.048255,16.800000,0.692507,0.028368,2.900000,0.698325,0.044319,13.300000,0.664349,0.022429,6.800000,0.674579,0.058897,9.000000,0.687034,0.048366,7.100000,CatBoost,0.698325
BreastMNIST,minkowski_functionals,organ_shape,grayscale,546,2,105,5,0.734911,0.022535,23.100000,0.725915,0.034009,2.500000,0.727379,0.026997,14.300000,0.679063,0.034415,7.200000,0.642869,0.016314,8.800000,0.653169,0.031221,7.500000,TabPFN,0.734911
BreastMNIST,persistence_codebook,organ_shape,grayscale,546,2,56,5,0.735598,0.020107,14.700000,0.739677,0.037140,2.200000,0.755422,0.038030,14.200000,0.669103,0.057121,6.900000,0.683496,0.051319,7.200000,0.698019,0.044149,7.700000,CatBoost,0.755422
BreastMNIST,persistence_entropy,organ_shape,grayscale,546,2,160,5,0.689174,0.033396,27.100000,0.718244,0.035370,4.200000,0.731098,0.045955,30.600000,0.658833,0.036251,7.600000,0.662968,0.068002,8.500000,0.653996,0.028292,9.600000,CatBoost,0.731098
BreastMNIST,persistence_image,organ_shape,grayscale,546,2,288,5,0.590010,0.049401,28.600000,0.599296,0.053944,3.700000,0.604355,0.053945,19.500000,0.528059,0.014123,7.100000,0.570514,0.037459,10.300000,0.582601,0.010436,8.000000,CatBoost,0.604355
BreastMNIST,persistence_landscapes,organ_shape,grayscale,546,2,3500,5,0.759057,0.021568,236.500000,0.745895,0.020015,73.400000,0.754141,0.023764,442.900000,0.745598,0.020558,11.700000,0.754046,0.059824,47.000000,0.756843,0.040787,9.700000,TabPFN,0.759057
BreastMNIST,persistence_silhouette,organ_shape,grayscale,546,2,200,5,0.736947,0.033465,28.300000,0.725895,0.017340,6.200000,0.750077,0.028294,41.800000,0.689361,0.030367,7.700000,0.713971,0.048521,8.800000,0.683725,0.016741,9.700000,CatBoost,0.750077
BreastMNIST,persistence_statistics,organ_shape,grayscale,546,2,62,5,0.777236,0.042393,17.700000,0.782073,0.049323,2.300000,0.789846,0.024311,13.400000,0.748269,0.040519,7.100000,0.737383,0.033052,10.200000,0.715700,0.056985,8.400000,CatBoost,0.789846
BreastMNIST,template_functions,organ_shape,grayscale,546,2,242,5,0.735899,0.036259,31.000000,0.728701,0.039979,5.100000,0.748573,0.040369,31.600000,0.657139,0.043009,7.300000,0.725007,0.051965,11.400000,0.722070,0.040317,7.100000,CatBoost,0.748573
BreastMNIST,tropical_coordinates,organ_shape,grayscale,546,2,200,5,0.722118,0.047011,29.300000,0.719907,0.030617,3.500000,0.724125,0.027073,26.700000,0.668944,0.030637,7.500000,0.716848,0.057358,8.200000,0.677273,0.050507,7.600000,CatBoost,0.724125
Chaoyang,ATOL,glands_lumens,per_channel,5000,4,144,5,0.793170,0.007131,117.000000,0.741847,0.008823,29.100000,0.736352,0.007092,59.700000,0.700736,0.008698,16.300000,0.770877,0.012047,37.700000,0.754794,0.007849,43.200000,TabPFN,0.793170
Chaoyang,betti_curves,glands_lumens,per_channel,5000,4,1200,5,0.735206,0.005353,148.700000,0.679865,0.007017,236.800000,0.685349,0.010775,188.700000,0.656616,0.007136,15.900000,0.699662,0.012337,25.500000,0.680238,0.002042,27.500000,TabPFN,0.735206
Chaoyang,edge_histogram,glands_lumens,per_channel,5000,4,1440,5,0.361354,0.009306,834.100000,0.355377,0.010881,1121.300000,0.349392,0.013081,918.200000,0.285012,0.006742,104.800000,0.356929,0.006124,69.100000,0.354007,0.015817,57.700000,TabPFN,0.361354
Chaoyang,euler_characteristic_curve,glands_lumens,per_channel,5000,4,420,5,0.761429,0.005934,117.600000,0.711835,0.015390,67.600000,0.709208,0.008367,84.500000,0.675534,0.003762,9.000000,0.732074,0.017798,15.300000,0.722057,0.015792,24.800000,TabPFN,0.761429
Chaoyang,euler_characteristic_transform,glands_lumens,per_channel,5000,4,1200,5,0.448455,0.013328,151.800000,0.445199,0.017148,552.800000,0.448296,0.021630,244.800000,0.432292,0.010605,17.500000,0.421080,0.018712,23.800000,0.421282,0.024626,28.800000,TabPFN,0.448455
Chaoyang,lbp_texture,glands_lumens,per_channel,5000,4,714,5,0.714308,0.015193,63.200000,0.646202,0.014500,67.000000,0.629719,0.012298,61.500000,0.590536,0.005064,7.100000,0.684919,0.013404,19.900000,0.672030,0.015076,26.300000,TabPFN,0.714308
Chaoyang,minkowski_functionals,glands_lumens,per_channel,5000,4,144,5,0.775257,0.004959,202.400000,0.711288,0.009215,56.700000,0.701324,0.008973,100.200000,0.668893,0.009446,23.900000,0.712130,0.014998,25.800000,0.695677,0.009677,46.800000,TabPFN,0.775257
Chaoyang,persistence_codebook,glands_lumens,per_channel,5000,4,336,5,0.788334,0.002893,527.500000,0.744744,0.008832,179.200000,0.734479,0.012911,246.500000,0.699677,0.012477,45.500000,0.770439,0.015110,36.900000,0.743773,0.015869,47.800000,TabPFN,0.788334
Chaoyang,persistence_entropy,glands_lumens,per_channel,5000,4,600,5,0.715428,0.005726,838.200000,0.682715,0.012369,330.000000,0.680902,0.007707,382.500000,0.637019,0.012237,60.500000,0.676499,0.009623,33.400000,0.660845,0.006225,55.000000,TabPFN,0.715428
Chaoyang,persistence_image,glands_lumens,per_channel,5000,4,4056,5,0.669078,0.010199,1450.200000,0.665789,0.006177,580.500000,0.667758,0.005241,466.700000,0.596465,0.010876,32.100000,0.662481,0.010183,72.600000,0.632301,0.011029,53.700000,TabPFN,0.669078
Chaoyang,persistence_landscapes,glands_lumens,per_channel,5000,4,11400,5,0.715526,0.009301,3805.900000,0.676998,0.009699,5997.800000,0.000000,0.000000,3023.500000,0.643000,0.012908,235.600000,0.689014,0.012628,311.200000,0.669218,0.009709,114.600000,TabPFN,0.715526
Chaoyang,persistence_silhouette,glands_lumens,per_channel,5000,4,720,5,0.719467,0.011283,433.000000,0.651944,0.019187,168.800000,0.648048,0.014499,182.800000,0.622527,0.012266,32.200000,0.675199,0.012281,31.200000,0.651911,0.011876,37.600000,TabPFN,0.719467
Chaoyang,persistence_statistics,glands_lumens,per_channel,5000,4,186,5,0.770668,0.010298,58.000000,0.692141,0.011167,33.900000,0.684616,0.011200,47.400000,0.644316,0.013326,7.100000,0.716238,0.010464,13.600000,0.700069,0.011382,24.500000,TabPFN,0.770668
Chaoyang,template_functions,glands_lumens,per_channel,5000,4,600,5,0.738046,0.005148,143.900000,0.692467,0.007936,101.100000,0.689607,0.010794,95.500000,0.634736,0.012790,9.800000,0.703491,0.009708,16.100000,0.695184,0.009487,25.300000,TabPFN,0.738046
Chaoyang,tropical_coordinates,glands_lumens,per_channel,5000,4,720,5,0.637474,0.016438,142.300000,0.602736,0.008176,93.100000,0.608237,0.007060,98.500000,0.562596,0.013255,10.500000,0.605973,0.015827,28.100000,0.582053,0.014441,38.700000,TabPFN,0.637474
DermaMNIST,ATOL,surface_lesions,per_channel,5000,7,108,5,0.456163,0.015662,163.100000,0.423884,0.008153,71.800000,0.539393,0.024150,154.700000,0.345964,0.008473,26.800000,0.488850,0.025272,26.100000,0.412781,0.007100,52.200000,CatBoost,0.539393
DermaMNIST,betti_curves,surface_lesions,per_channel,5000,7,840,5,0.325912,0.016452,825.500000,0.297047,0.007078,384.300000,0.412224,0.015838,749.500000,0.235514,0.014065,48.800000,0.341273,0.032082,39.600000,0.299769,0.035454,50.200000,CatBoost,0.412224
DermaMNIST,edge_histogram,surface_lesions,per_channel,5000,7,1152,5,0.189558,0.013449,806.200000,0.197095,0.016480,538.700000,0.272912,0.008925,653.500000,0.144359,0.001145,28.000000,0.170814,0.021979,36.400000,0.180137,0.017387,50.500000,CatBoost,0.272912
DermaMNIST,euler_characteristic_curve,surface_lesions,per_channel,5000,7,480,5,0.322797,0.018565,743.700000,0.326155,0.014287,148.200000,0.476592,0.024392,414.100000,0.245024,0.003807,29.300000,0.324789,0.030403,29.000000,0.327459,0.016639,49.000000,CatBoost,0.476592
DermaMNIST,euler_characteristic_transform,surface_lesions,per_channel,5000,7,1200,5,0.145482,0.001052,775.900000,0.174993,0.007726,607.400000,0.285629,0.014835,1031.500000,0.145396,0.002012,60.800000,0.158525,0.012502,41.600000,0.153013,0.004148,47.400000,CatBoost,0.285629
DermaMNIST,lbp_texture,surface_lesions,per_channel,5000,7,912,5,0.393843,0.009211,265.600000,0.325727,0.018498,161.300000,0.408184,0.016905,215.400000,0.245574,0.012120,22.400000,0.398213,0.029819,40.400000,0.314356,0.031640,46.400000,CatBoost,0.408184
DermaMNIST,minkowski_functionals,surface_lesions,per_channel,5000,7,108,5,0.438012,0.017028,158.400000,0.404798,0.019330,46.200000,0.507131,0.018147,118.200000,0.326415,0.020299,17.800000,0.445803,0.007455,23.700000,0.383933,0.032539,48.100000,CatBoost,0.507131
DermaMNIST,persistence_codebook,surface_lesions,per_channel,5000,7,144,5,0.434848,0.011825,213.500000,0.406190,0.016897,108.900000,0.509051,0.023649,204.300000,0.308641,0.020360,28.300000,0.464478,0.035429,29.400000,0.397949,0.027025,47.500000,CatBoost,0.509051
DermaMNIST,persistence_entropy,surface_lesions,per_channel,5000,7,240,5,0.285419,0.002417,335.300000,0.257742,0.017580,161.400000,0.328005,0.024026,306.600000,0.180540,0.004470,39.700000,0.242096,0.009391,23.000000,0.260755,0.018527,69.900000,CatBoost,0.328005
DermaMNIST,persistence_image,surface_lesions,per_channel,5000,7,864,5,0.205292,0.013718,833.100000,0.218686,0.010360,271.400000,0.332240,0.015390,455.300000,0.142857,0.000000,23.400000,0.203021,0.023707,33.100000,0.197478,0.009921,49.800000,CatBoost,0.332240
DermaMNIST,persistence_landscapes,surface_lesions,per_channel,5000,7,8400,5,0.310480,0.006584,3858.800000,0.309217,0.018364,5134.900000,0.000000,0.000000,3023.000000,0.231402,0.014810,161.600000,0.352170,0.020528,272.400000,0.312782,0.026070,90.700000,TabM,0.352170
DermaMNIST,persistence_silhouette,surface_lesions,per_channel,5000,7,1080,5,0.302413,0.019372,775.900000,0.295791,0.015290,830.300000,0.371307,0.019685,1176.700000,0.227726,0.009857,84.800000,0.305423,0.020609,40.300000,0.281001,0.032474,47.800000,CatBoost,0.371307
DermaMNIST,persistence_statistics,surface_lesions,per_channel,5000,7,186,5,0.576542,0.021081,267.600000,0.435032,0.021429,93.800000,0.535985,0.011028,201.300000,0.330547,0.015976,34.500000,0.544534,0.021053,27.400000,0.502385,0.039127,48.300000,TabPFN,0.576542
DermaMNIST,template_functions,surface_lesions,per_channel,5000,7,96,5,0.428070,0.007409,142.500000,0.330971,0.016156,61.100000,0.400304,0.035068,143.600000,0.243299,0.014222,26.700000,0.383973,0.031600,27.100000,0.340116,0.041318,49.100000,TabPFN,0.428070
DermaMNIST,tropical_coordinates,surface_lesions,per_channel,5000,7,600,5,0.346120,0.017550,772.000000,0.309912,0.018370,280.100000,0.410204,0.016381,534.600000,0.231869,0.013983,45.300000,0.328845,0.026374,37.700000,0.308872,0.009234,49.900000,CatBoost,0.410204
GasHisSDB,ATOL,surface_lesions,per_channel,5000,2,108,5,0.958708,0.003631,161.900000,0.930290,0.007240,12.200000,0.926626,0.007826,55.800000,0.901455,0.011632,26.900000,0.945058,0.006734,22.000000,0.938744,0.006568,49.200000,TabPFN,0.958708
GasHisSDB,betti_curves,surface_lesions,per_channel,5000,2,840,5,0.930166,0.004040,833.200000,0.903253,0.003157,57.300000,0.901442,0.009045,134.500000,0.865245,0.009765,39.600000,0.910393,0.011655,40.300000,0.897327,0.009224,47.200000,TabPFN,0.930166
GasHisSDB,edge_histogram,surface_lesions,per_channel,5000,2,1152,5,0.623250,0.018211,829.700000,0.605990,0.010619,137.000000,0.622124,0.012655,153.200000,0.570743,0.010214,49.500000,0.612815,0.014344,40.600000,0.623342,0.018539,59.000000,RealMLP,0.623342
GasHisSDB,euler_characteristic_curve,surface_lesions,per_channel,5000,2,480,5,0.933932,0.006002,622.300000,0.900661,0.009959,25.400000,0.901174,0.007675,86.500000,0.873998,0.010270,25.200000,0.915897,0.005060,36.300000,0.910705,0.013551,51.500000,TabPFN,0.933932
GasHisSDB,euler_characteristic_transform,surface_lesions,per_channel,5000,2,1200,5,0.707221,0.014150,805.800000,0.693275,0.014931,126.700000,0.703958,0.012169,190.400000,0.670733,0.013123,51.900000,0.696120,0.014062,50.500000,0.686858,0.012098,49.000000,TabPFN,0.707221
GasHisSDB,lbp_texture,surface_lesions,per_channel,5000,2,912,5,0.923418,0.006480,270.600000,0.891087,0.007108,29.200000,0.886926,0.008967,69.300000,0.857034,0.015569,18.300000,0.906709,0.006559,40.000000,0.902351,0.004556,62.200000,TabPFN,0.923418
GasHisSDB,minkowski_functionals,surface_lesions,per_channel,5000,2,108,5,0.946032,0.000895,143.500000,0.904791,0.005621,7.300000,0.900151,0.007134,45.000000,0.876733,0.011048,15.600000,0.910490,0.006218,26.000000,0.907463,0.004744,46.700000,TabPFN,0.946032
GasHisSDB,persistence_codebook,surface_lesions,per_channel,5000,2,144,5,0.954146,0.003548,207.200000,0.933414,0.007099,16.000000,0.936175,0.007309,65.400000,0.905705,0.014301,28.700000,0.946833,0.002997,28.500000,0.940030,0.008900,58.500000,TabPFN,0.954146
GasHisSDB,persistence_entropy,surface_lesions,per_channel,5000,2,240,5,0.889455,0.009090,330.400000,0.883245,0.012533,26.500000,0.883272,0.008209,79.500000,0.857459,0.010311,33.500000,0.866679,0.008895,24.500000,0.871761,0.010784,56.700000,TabPFN,0.889455
GasHisSDB,persistence_image,surface_lesions,per_channel,5000,2,864,5,0.770205,0.013555,783.200000,0.800501,0.010122,43.300000,0.795585,0.011232,105.300000,0.769139,0.009076,18.400000,0.770352,0.012126,30.000000,0.753247,0.018016,48.200000,XGBoost,0.800501
GasHisSDB,persistence_landscapes,surface_lesions,per_channel,5000,2,8400,5,0.910291,0.010217,3614.000000,0.887479,0.006552,869.200000,0.885818,0.006426,1214.200000,0.858272,0.006741,183.000000,0.903141,0.006556,222.700000,0.891013,0.010086,89.600000,TabPFN,0.910291
GasHisSDB,persistence_silhouette,surface_lesions,per_channel,5000,2,1080,5,0.898409,0.010840,805.900000,0.872185,0.006961,160.900000,0.872634,0.006738,245.400000,0.842309,0.009274,86.000000,0.878922,0.006182,43.100000,0.872044,0.009759,53.700000,TabPFN,0.898409
GasHisSDB,persistence_statistics,surface_lesions,per_channel,5000,2,186,5,0.952784,0.008275,274.800000,0.913765,0.010374,16.900000,0.915125,0.009355,64.800000,0.892404,0.012087,28.400000,0.931041,0.009032,28.900000,0.918070,0.015997,47.300000,TabPFN,0.952784
GasHisSDB,template_functions,surface_lesions,per_channel,5000,2,96,5,0.936247,0.010522,144.100000,0.899262,0.013257,10.600000,0.903120,0.011246,53.200000,0.867688,0.016697,23.300000,0.913046,0.011351,23.100000,0.909982,0.013796,49.600000,TabPFN,0.936247
GasHisSDB,tropical_coordinates,surface_lesions,per_channel,5000,2,600,5,0.890722,0.010828,776.000000,0.854864,0.009734,40.600000,0.856289,0.011259,110.600000,0.830325,0.007800,35.600000,0.858511,0.012967,29.100000,0.850566,0.014426,47.000000,TabPFN,0.890722
IDRiD,ATOL,vessel_trees,per_channel,516,5,120,5,0.296185,0.017773,21.100000,0.350553,0.065299,19.900000,0.375652,0.063625,121.800000,0.342512,0.033856,7.700000,0.288860,0.016812,16.300000,0.278767,0.032253,7.600000,CatBoost,0.375652
IDRiD,betti_curves,vessel_trees,per_channel,516,5,840,5,0.320191,0.034829,53.800000,0.353152,0.046434,92.200000,0.381176,0.062595,455.800000,0.355279,0.047395,9.700000,0.302544,0.029318,17.200000,0.304878,0.046267,7.900000,CatBoost,0.381176
IDRiD,edge_histogram,vessel_trees,per_channel,516,5,1152,5,0.305025,0.026587,43.900000,0.337426,0.033739,22.200000,0.335291,0.018160,88.600000,0.320856,0.039236,4.100000,0.320051,0.026571,14.500000,0.304585,0.007128,5.500000,XGBoost,0.337426
IDRiD,euler_characteristic_curve,vessel_trees,per_channel,516,5,480,5,0.303468,0.024095,49.300000,0.345462,0.067460,41.600000,0.350273,0.064145,226.200000,0.332354,0.057096,8.600000,0.303293,0.017052,12.400000,0.293888,0.047069,7.700000,CatBoost,0.350273
IDRiD,euler_characteristic_transform,vessel_trees,per_channel,516,5,2400,5,0.279992,0.021868,185.100000,0.328632,0.039004,119.900000,0.344390,0.050517,372.600000,0.312220,0.027255,5.300000,0.272874,0.022493,22.000000,0.264388,0.014772,5.500000,CatBoost,0.344390
IDRiD,lbp_texture,vessel_trees,per_channel,516,5,912,5,0.459669,0.023788,34.200000,0.419263,0.024785,36.900000,0.434874,0.048773,152.800000,0.378861,0.035907,7.600000,0.426620,0.049060,16.500000,0.408464,0.028628,7.600000,TabPFN,0.459669
IDRiD,minkowski_functionals,vessel_trees,per_channel,516,5,405,5,0.294230,0.025834,34.900000,0.352323,0.057381,18.000000,0.359419,0.068034,81.000000,0.351425,0.049437,4.200000,0.300930,0.040420,8.900000,0.312895,0.048152,5.300000,CatBoost,0.359419
IDRiD,persistence_codebook,vessel_trees,per_channel,516,5,576,5,0.390952,0.072032,41.100000,0.405006,0.046171,39.600000,0.392458,0.040537,179.800000,0.357836,0.045956,4.600000,0.305418,0.027936,10.000000,0.326402,0.064010,5.200000,XGBoost,0.405006
IDRiD,persistence_entropy,vessel_trees,per_channel,516,5,600,5,0.362684,0.032316,42.500000,0.363846,0.051519,38.200000,0.374731,0.040932,174.200000,0.348351,0.044907,5.100000,0.337096,0.059940,10.900000,0.338182,0.035344,6.500000,CatBoost,0.374731
IDRiD,persistence_image,vessel_trees,per_channel,516,5,1176,5,0.233830,0.016742,43.400000,0.305493,0.034635,18.600000,0.310432,0.028078,31.700000,0.297313,0.034595,3.700000,0.256459,0.037011,10.300000,0.220248,0.025434,4.200000,CatBoost,0.310432
IDRiD,persistence_landscapes,vessel_trees,per_channel,516,5,3000,5,0.333864,0.020486,116.500000,0.371997,0.037245,92.800000,0.376744,0.040758,242.700000,0.342318,0.027440,4.800000,0.323990,0.030776,26.200000,0.332828,0.045218,5.900000,CatBoost,0.376744
IDRiD,persistence_silhouette,vessel_trees,per_channel,516,5,840,5,0.356200,0.017184,26.000000,0.371883,0.052245,52.300000,0.353454,0.035606,166.500000,0.347759,0.055098,3.600000,0.338650,0.027817,9.000000,0.315438,0.045223,4.200000,XGBoost,0.371883
IDRiD,persistence_statistics,vessel_trees,per_channel,516,5,186,5,0.434214,0.000718,25.900000,0.418011,0.062838,22.500000,0.434932,0.057439,137.200000,0.422026,0.049459,8.000000,0.419578,0.046253,10.100000,0.396522,0.043099,7.300000,CatBoost,0.434932
IDRiD,template_functions,vessel_trees,per_channel,516,5,150,5,0.370896,0.029838,20.400000,0.395755,0.025875,16.100000,0.396292,0.017153,45.800000,0.391493,0.021613,3.500000,0.399293,0.035744,6.300000,0.346259,0.023440,3.900000,TabM,0.399293
IDRiD,tropical_coordinates,vessel_trees,per_channel,516,5,240,5,0.389195,0.029106,26.400000,0.398208,0.032497,14.200000,0.405595,0.039542,47.500000,0.353114,0.045241,3.600000,0.315681,0.033948,6.700000,0.389268,0.042991,3.900000,CatBoost,0.405595
ISIC2019,ATOL,surface_lesions,per_channel,5000,8,108,5,0.339632,0.027023,94.500000,0.281102,0.013675,36.300000,0.331903,0.021785,72.000000,0.251692,0.011005,15.000000,0.303567,0.035045,26.900000,0.290745,0.024826,31.100000,TabPFN,0.339632
ISIC2019,betti_curves,surface_lesions,per_channel,5000,8,840,5,0.267485,0.011884,144.700000,0.276913,0.010076,240.800000,0.337795,0.015075,280.700000,0.229868,0.005734,14.700000,0.261678,0.009841,18.300000,0.262592,0.014553,26.400000,CatBoost,0.337795
ISIC2019,edge_histogram,surface_lesions,per_channel,5000,8,1152,5,0.176946,0.003364,458.900000,0.174368,0.007705,280.800000,0.205152,0.013867,340.500000,0.149391,0.002473,17.100000,0.155655,0.013850,33.800000,0.156941,0.011293,35.600000,CatBoost,0.205152
ISIC2019,euler_characteristic_curve,surface_lesions,per_channel,5000,8,480,5,0.264514,0.009779,369.100000,0.280913,0.012178,100.700000,0.330892,0.018761,231.800000,0.225915,0.012306,19.800000,0.258207,0.018470,22.900000,0.272623,0.023134,33.600000,CatBoost,0.330892
ISIC2019,euler_characteristic_transform,surface_lesions,per_channel,5000,8,1200,5,0.185563,0.005026,146.200000,0.187474,0.009940,302.700000,0.231124,0.007144,366.500000,0.171262,0.009493,15.900000,0.153737,0.019901,23.200000,0.170653,0.010757,27.100000,CatBoost,0.231124
ISIC2019,lbp_texture,surface_lesions,per_channel,5000,8,912,5,0.295862,0.010890,156.200000,0.282595,0.015675,79.300000,0.322304,0.019483,97.100000,0.252771,0.016847,11.000000,0.266497,0.012484,32.000000,0.255547,0.017114,32.600000,CatBoost,0.322304
ISIC2019,minkowski_functionals,surface_lesions,per_channel,5000,8,108,5,0.280060,0.014850,97.500000,0.319392,0.021501,27.200000,0.368573,0.018300,65.200000,0.254069,0.015679,11.600000,0.283762,0.014774,23.700000,0.258955,0.019839,32.600000,CatBoost,0.368573
ISIC2019,persistence_codebook,surface_lesions,per_channel,5000,8,144,5,0.279151,0.009604,126.400000,0.310403,0.015002,48.100000,,,,0.247823,0.006201,14.800000,0.305824,0.032336,24.400000,0.286577,0.020981,31.200000,XGBoost,0.310403
ISIC2019,persistence_entropy,surface_lesions,per_channel,5000,8,240,5,0.241415,0.005009,78.600000,0.258976,0.013181,94.500000,0.294479,0.011632,116.700000,0.202749,0.008969,9.400000,0.234818,0.011198,13.100000,0.253111,0.009380,26.100000,CatBoost,0.294479
ISIC2019,persistence_image,surface_lesions,per_channel,5000,8,864,5,0.217162,0.017486,150.300000,0.224822,0.007785,189.000000,0.281089,0.011492,149.000000,0.168768,0.011538,8.300000,0.220119,0.010954,18.700000,0.209854,0.011090,25.200000,CatBoost,0.281089
ISIC2019,persistence_landscapes,surface_lesions,per_channel,5000,8,8400,5,0.249130,0.007227,780.900000,0.264291,0.008277,5416.400000,0.297226,0.014859,2850.100000,0.224155,0.003089,64.000000,0.279347,0.015045,127.500000,0.252697,0.019666,54.500000,CatBoost,0.297226
ISIC2019,persistence_silhouette,surface_lesions,per_channel,5000,8,1080,5,0.255818,0.008108,148.200000,0.246588,0.006328,394.100000,0.295836,0.005116,351.600000,0.225823,0.007832,20.200000,0.267828,0.020784,26.400000,0.246863,0.020414,26.200000,CatBoost,0.295836
ISIC2019,persistence_statistics,surface_lesions,per_channel,5000,8,186,5,0.352731,0.022616,64.400000,0.299986,0.007593,93.000000,0.361037,0.024724,88.900000,0.252415,0.012509,8.000000,0.336950,0.013789,12.000000,0.299066,0.029451,25.500000,CatBoost,0.361037
ISIC2019,template_functions,surface_lesions,per_channel,5000,8,96,5,0.285214,0.013502,87.800000,0.289394,0.009635,32.000000,0.333406,0.012869,68.400000,0.232581,0.007003,13.700000,0.295422,0.019643,29.500000,0.260088,0.019212,32.000000,CatBoost,0.333406
ISIC2019,tropical_coordinates,surface_lesions,per_channel,5000,8,600,5,0.237774,0.007877,141.100000,0.230109,0.003154,140.100000,0.276122,0.014029,184.900000,0.175553,0.005850,11.000000,0.215610,0.012927,15.100000,0.222669,0.018361,26.200000,CatBoost,0.276122
Kvasir,ATOL,glands_lumens,per_channel,4000,8,144,5,0.784750,0.005208,106.800000,0.751500,0.010137,35.000000,0.743750,0.015268,98.000000,0.722500,0.005755,13.800000,0.753000,0.010857,29.700000,0.749750,0.014173,26.800000,TabPFN,0.784750
Kvasir,betti_curves,glands_lumens,per_channel,4000,8,1200,5,0.770750,0.014331,345.800000,0.744000,0.009301,356.000000,0.736250,0.011673,603.900000,0.715500,0.017934,26.800000,0.740000,0.017783,35.400000,0.731000,0.008888,37.900000,TabPFN,0.770750
Kvasir,edge_histogram,glands_lumens,per_channel,4000,8,1440,5,0.636000,0.010106,346.700000,0.620000,0.019827,506.000000,0.604000,0.012928,641.700000,0.574750,0.012181,28.600000,0.616500,0.009566,31.700000,0.608250,0.012515,32.300000,TabPFN,0.636000
Kvasir,euler_characteristic_curve,glands_lumens,per_channel,4000,8,420,5,0.747750,0.013472,439.400000,0.709250,0.012057,262.000000,0.698250,0.007441,567.400000,0.675000,0.009117,40.100000,0.705250,0.007842,29.700000,0.691000,0.017219,46.500000,TabPFN,0.747750
Kvasir,euler_characteristic_transform,glands_lumens,per_channel,4000,8,1200,5,0.581250,0.017660,338.800000,0.556250,0.018708,326.100000,0.542750,0.014714,529.100000,0.524500,0.020925,23.700000,0.506250,0.024723,34.000000,0.505500,0.022439,29.100000,TabPFN,0.581250
Kvasir,lbp_texture,glands_lumens,per_channel,4000,8,714,5,0.766000,0.011603,206.700000,0.669500,0.015744,166.700000,0.661500,0.023297,314.500000,0.638750,0.021780,21.600000,0.717250,0.017274,40.700000,0.697750,0.019209,45.500000,TabPFN,0.766000
Kvasir,minkowski_functionals,glands_lumens,per_channel,4000,8,144,5,0.772250,0.006245,93.600000,0.738250,0.006548,29.900000,0.731750,0.012590,85.600000,0.712250,0.002894,10.400000,0.735500,0.009830,26.200000,0.721000,0.013495,28.500000,TabPFN,0.772250
Kvasir,persistence_codebook,glands_lumens,per_channel,4000,8,336,5,0.799750,0.008711,98.300000,0.769750,0.013024,76.100000,0.758750,0.011859,128.500000,0.727250,0.010648,8.500000,0.772250,0.016248,13.600000,0.760750,0.013820,21.400000,TabPFN,0.799750
Kvasir,persistence_entropy,glands_lumens,per_channel,4000,8,600,5,0.761250,0.010398,303.100000,0.718250,0.008682,169.400000,0.721250,0.005969,270.100000,0.693500,0.008231,23.000000,0.715750,0.008895,23.800000,0.704750,0.013120,30.100000,TabPFN,0.761250
Kvasir,persistence_image,glands_lumens,per_channel,4000,8,4056,5,0.735000,0.009779,1124.400000,0.743250,0.013843,683.200000,0.729750,0.011467,853.800000,0.694750,0.009631,19.600000,0.720250,0.005500,63.200000,0.699000,0.021145,44.900000,XGBoost,0.743250
Kvasir,persistence_landscapes,glands_lumens,per_channel,4000,8,11400,5,0.761000,0.015680,1447.700000,0.749500,0.010683,2371.900000,0.000000,0.000000,3017.400000,0.710500,0.014000,67.800000,0.731000,0.009728,202.800000,0.732750,0.010198,117.700000,TabPFN,0.761000
Kvasir,persistence_silhouette,glands_lumens,per_channel,4000,8,720,5,0.739250,0.021746,307.900000,0.708500,0.006042,184.300000,0.701250,0.012374,332.300000,0.677750,0.009950,25.200000,0.713000,0.017040,28.900000,0.690000,0.026184,26.900000,TabPFN,0.739250
Kvasir,persistence_statistics,glands_lumens,per_channel,4000,8,186,5,0.795250,0.004899,115.500000,0.747250,0.009097,37.600000,0.744000,0.012435,89.800000,0.711750,0.009830,11.800000,0.767000,0.008389,22.300000,0.752750,0.015439,27.500000,TabPFN,0.795250
Kvasir,template_functions,glands_lumens,per_channel,4000,8,600,5,0.785750,0.011581,559.300000,0.755750,0.013243,231.900000,0.745000,0.013532,532.800000,0.724750,0.007133,30.500000,0.758250,0.015941,40.300000,0.738000,0.010565,39.600000,TabPFN,0.785750
Kvasir,tropical_coordinates,glands_lumens,per_channel,4000,8,720,5,0.639500,0.020745,302.500000,0.615000,0.012298,156.100000,0.602250,0.018121,273.500000,0.599750,0.013426,16.500000,0.596500,0.015957,25.000000,0.593250,0.016763,29.200000,TabPFN,0.639500
LC25000,ATOL,glands_lumens,per_channel,5000,5,144,5,0.999600,0.000800,117.600000,0.989800,0.002786,14.600000,0.987600,0.004454,66.300000,0.983400,0.003878,13.900000,0.996600,0.000800,34.100000,0.993200,0.002713,32.300000,TabPFN,0.999600
LC25000,betti_curves,glands_lumens,per_channel,5000,5,1200,5,0.998600,0.001200,806.100000,0.980000,0.004336,264.800000,0.976400,0.006312,805.400000,0.969200,0.006112,54.600000,0.982400,0.005426,55.600000,0.982800,0.003709,52.300000,TabPFN,0.998600
LC25000,edge_histogram,glands_lumens,per_channel,5000,5,1440,5,0.695800,0.010907,438.300000,0.649200,0.011089,399.100000,0.635000,0.021392,435.700000,0.605800,0.007909,47.600000,0.642600,0.008663,50.300000,0.631400,0.013455,36.600000,TabPFN,0.695800
LC25000,euler_characteristic_curve,glands_lumens,per_channel,5000,5,420,5,0.997400,0.000800,618.100000,0.984200,0.003655,64.100000,0.979400,0.005463,309.900000,0.978000,0.005215,30.500000,0.986800,0.001939,37.600000,0.989600,0.001356,61.100000,TabPFN,0.997400
LC25000,euler_characteristic_transform,glands_lumens,per_channel,5000,5,1200,5,0.775400,0.017906,443.900000,0.739600,0.007710,247.500000,0.727800,0.007626,380.000000,0.687600,0.007605,33.700000,0.722600,0.017442,52.700000,0.712600,0.015564,36.100000,TabPFN,0.775400
LC25000,lbp_texture,glands_lumens,per_channel,5000,5,714,5,0.993200,0.002040,273.300000,0.959800,0.005879,76.200000,0.952400,0.002577,171.200000,0.931800,0.008658,21.600000,0.976800,0.004534,46.200000,0.979800,0.007960,55.300000,TabPFN,0.993200
LC25000,minkowski_functionals,glands_lumens,per_channel,5000,5,144,5,0.999000,0.001265,116.700000,0.986600,0.003774,9.900000,0.984800,0.004534,53.200000,0.978400,0.007031,9.800000,0.983800,0.003600,25.400000,0.986800,0.004400,31.700000,TabPFN,0.999000
LC25000,persistence_codebook,glands_lumens,per_channel,5000,5,336,5,1.000000,0.000000,262.400000,0.992000,0.000632,26.000000,0.991200,0.001720,114.300000,0.985800,0.003124,17.100000,0.995600,0.002245,22.400000,0.997200,0.002227,38.200000,TabPFN,1.000000
LC25000,persistence_entropy,glands_lumens,per_channel,5000,5,600,5,0.992200,0.003187,391.600000,0.977400,0.002154,53.400000,0.971800,0.002993,177.700000,0.970600,0.004499,24.500000,0.970800,0.003709,34.200000,0.976800,0.008158,33.000000,TabPFN,0.992200
LC25000,persistence_image,glands_lumens,per_channel,5000,5,4056,5,0.986200,0.003250,552.900000,0.974000,0.005215,369.600000,0.966400,0.009912,389.300000,0.953000,0.007376,21.100000,0.972000,0.007014,55.100000,0.970800,0.006853,35.500000,TabPFN,0.986200
LC25000,persistence_landscapes,glands_lumens,per_channel,5000,5,11400,5,0.995600,0.001744,1830.200000,0.979800,0.003059,1071.500000,0.975400,0.003878,2615.700000,0.971600,0.004964,76.300000,0.981600,0.003007,243.000000,0.984000,0.003899,139.900000,TabPFN,0.995600
LC25000,persistence_silhouette,glands_lumens,per_channel,5000,5,720,5,0.997200,0.002315,143.600000,0.978600,0.004030,62.600000,0.976800,0.003059,159.600000,0.972600,0.006086,12.500000,0.982200,0.004445,19.500000,0.985800,0.004750,25.900000,TabPFN,0.997200
LC25000,persistence_statistics,glands_lumens,per_channel,5000,5,186,5,0.998000,0.001095,273.500000,0.987200,0.002786,27.200000,0.983600,0.002059,152.000000,0.978200,0.007332,25.300000,0.988400,0.003980,30.500000,0.992800,0.002135,50.500000,TabPFN,0.998000
LC25000,template_functions,glands_lumens,per_channel,5000,5,600,5,0.997800,0.002227,153.600000,0.984400,0.003720,74.600000,0.981000,0.004336,130.900000,0.974800,0.003816,9.000000,0.989600,0.002577,17.200000,0.988400,0.001960,26.100000,TabPFN,0.997800
LC25000,tropical_coordinates,glands_lumens,per_channel,5000,5,720,5,0.985800,0.004707,149.500000,0.951400,0.005083,78.800000,0.946000,0.007403,137.800000,0.925400,0.009308,9.100000,0.939800,0.006400,20.100000,0.942000,0.010863,25.100000,TabPFN,0.985800
MURA,ATOL,organ_shape,grayscale,5000,14,48,5,0.503898,0.008638,119.800000,0.484149,0.019258,67.800000,0.480416,0.014116,51.500000,0.494014,0.007049,6.400000,0.486757,0.006562,12.900000,0.438014,0.017628,25.500000,TabPFN,0.503898
MURA,betti_curves,organ_shape,grayscale,5000,14,100,5,0.440325,0.005448,189.100000,0.434650,0.012587,76.100000,0.429253,0.014100,65.100000,0.440049,0.016986,7.000000,0.418033,0.009326,14.200000,0.396093,0.008290,24.200000,TabPFN,0.440325
MURA,edge_histogram,organ_shape,grayscale,5000,14,512,5,0.318564,0.016644,666.000000,0.345981,0.016777,612.300000,0.341002,0.018226,210.100000,0.353303,0.013638,8.300000,0.343939,0.002969,17.900000,0.298041,0.013253,25.300000,RandomForest,0.353303
MURA,euler_characteristic_curve,organ_shape,grayscale,5000,14,60,5,0.385099,0.009089,124.000000,0.381841,0.009138,36.900000,0.376624,0.018707,47.200000,0.385027,0.017917,5.600000,0.348580,0.014680,11.800000,0.369268,0.010118,23.400000,TabPFN,0.385099
MURA,euler_characteristic_transform,organ_shape,grayscale,5000,14,240,5,0.216376,0.010959,323.400000,0.243483,0.005934,105.300000,0.236497,0.008259,92.400000,0.226903,0.009742,7.900000,0.204770,0.017297,11.500000,0.185983,0.020347,24.600000,XGBoost,0.243483
MURA,lbp_texture,organ_shape,grayscale,5000,14,180,5,0.579692,0.008798,122.400000,0.494665,0.009328,64.300000,0.484267,0.007179,46.800000,0.471255,0.006596,5.400000,0.531576,0.011001,14.600000,0.503233,0.008065,23.800000,TabPFN,0.579692
MURA,minkowski_functionals,organ_shape,grayscale,5000,14,105,5,0.506050,0.008515,177.200000,0.472639,0.012666,57.000000,0.475215,0.009250,57.300000,0.472611,0.017937,6.100000,0.457104,0.010562,11.600000,0.430715,0.016814,23.200000,TabPFN,0.506050
MURA,persistence_codebook,organ_shape,grayscale,5000,14,56,5,0.485658,0.009314,120.600000,0.482014,0.015205,45.300000,0.478404,0.017203,47.500000,0.479737,0.011574,5.900000,0.471040,0.008848,10.400000,0.435329,0.005340,23.700000,TabPFN,0.485658
MURA,persistence_entropy,organ_shape,grayscale,5000,14,160,5,0.377515,0.014862,236.600000,0.388067,0.021292,99.500000,0.377255,0.011164,75.300000,0.401076,0.012226,7.400000,0.335225,0.015771,13.500000,0.330888,0.023437,23.900000,RandomForest,0.401076
MURA,persistence_image,organ_shape,grayscale,5000,14,288,5,0.318159,0.010484,374.200000,0.382439,0.009848,81.700000,0.384029,0.005225,77.300000,0.391320,0.011028,5.400000,0.336027,0.006742,14.100000,0.305421,0.006504,24.900000,RandomForest,0.391320
MURA,persistence_landscapes,organ_shape,grayscale,5000,14,3500,5,0.441278,0.009846,3161.600000,0.449229,0.022714,2164.700000,0.430472,0.021331,947.900000,0.445604,0.016737,26.700000,0.414685,0.023104,58.100000,0.404930,0.024131,34.400000,XGBoost,0.449229
MURA,persistence_silhouette,organ_shape,grayscale,5000,14,200,5,0.363732,0.005268,283.200000,0.344243,0.011352,134.100000,0.343461,0.012599,84.700000,0.342279,0.014425,9.500000,0.348242,0.012065,13.600000,0.316292,0.007455,24.600000,TabPFN,0.363732
MURA,persistence_statistics,organ_shape,grayscale,5000,14,62,5,0.499273,0.017388,125.900000,0.466815,0.013871,45.400000,0.470766,0.012860,47.700000,0.462028,0.009272,5.900000,0.455393,0.015534,11.100000,0.437930,0.012783,23.200000,TabPFN,0.499273
MURA,template_functions,organ_shape,grayscale,5000,14,242,5,0.476422,0.011302,326.300000,0.471043,0.009915,106.200000,0.465275,0.008953,95.100000,0.478197,0.008881,6.400000,0.446694,0.017479,13.600000,0.403054,0.013376,24.500000,RandomForest,0.478197
MURA,tropical_coordinates,organ_shape,grayscale,5000,14,200,5,0.328105,0.008881,283.700000,0.328384,0.013849,95.300000,0.320420,0.009748,83.600000,0.352129,0.013249,7.900000,0.286603,0.009252,11.500000,0.275115,0.012040,24.700000,RandomForest,0.352129
MalariaCell,ATOL,discrete_cells,per_channel,5000,2,120,5,0.953200,0.006013,172.400000,0.950800,0.005845,10.500000,0.951600,0.004587,58.100000,0.949800,0.005706,24.500000,0.946800,0.006675,20.900000,0.943200,0.006462,47.400000,TabPFN,0.953200
MalariaCell,betti_curves,discrete_cells,per_channel,5000,2,720,5,0.950400,0.006621,831.600000,0.939000,0.006782,21.700000,0.939200,0.005600,83.300000,0.940000,0.007239,21.300000,0.939800,0.005528,29.800000,0.938000,0.008414,54.400000,TabPFN,0.950400
MalariaCell,edge_histogram,discrete_cells,per_channel,5000,2,1440,5,0.865200,0.009887,796.900000,0.847400,0.008499,118.300000,0.847600,0.008845,200.300000,0.846800,0.006493,49.900000,0.852400,0.012241,47.600000,0.841600,0.010651,53.800000,TabPFN,0.865200
MalariaCell,euler_characteristic_curve,discrete_cells,per_channel,5000,2,480,5,0.946200,0.007250,742.800000,0.940000,0.005477,16.800000,0.938800,0.006735,75.300000,0.938200,0.010245,20.300000,0.932000,0.006723,26.800000,0.932200,0.009558,58.100000,TabPFN,0.946200
MalariaCell,euler_characteristic_transform,discrete_cells,per_channel,5000,2,360,5,0.932800,0.005115,491.300000,0.919600,0.005713,7.500000,0.922800,0.004874,53.700000,0.928400,0.003262,12.500000,0.924000,0.004940,19.500000,0.924200,0.005528,45.600000,TabPFN,0.932800
MalariaCell,lbp_texture,discrete_cells,per_channel,5000,2,912,5,0.909600,0.004716,269.100000,0.876800,0.008232,29.500000,0.878000,0.003847,66.800000,0.832400,0.012208,19.300000,0.896800,0.004833,37.000000,0.884800,0.010107,49.500000,TabPFN,0.909600
MalariaCell,minkowski_functionals,discrete_cells,per_channel,5000,2,540,5,0.953600,0.004883,838.300000,0.948800,0.006493,32.200000,0.948200,0.007277,109.800000,0.948200,0.006046,30.800000,0.941400,0.004758,32.200000,0.943800,0.001470,69.300000,TabPFN,0.953600
MalariaCell,persistence_codebook,discrete_cells,per_channel,5000,2,288,5,0.954400,0.007684,418.600000,0.946800,0.008400,27.700000,0.948800,0.004534,90.900000,0.945200,0.007985,27.300000,0.947400,0.006151,26.400000,0.946400,0.008237,64.500000,TabPFN,0.954400
MalariaCell,persistence_entropy,discrete_cells,per_channel,5000,2,1200,5,0.950600,0.007060,809.100000,0.936200,0.005154,105.100000,0.941000,0.008390,212.600000,0.938000,0.005177,73.200000,0.921400,0.006280,43.300000,0.931800,0.011125,60.000000,TabPFN,0.950600
MalariaCell,persistence_image,discrete_cells,per_channel,5000,2,600,5,0.859200,0.011805,654.700000,0.908400,0.008212,17.400000,0.908800,0.004874,66.200000,0.889400,0.011002,15.100000,0.869000,0.011933,30.800000,0.811000,0.015073,50.000000,CatBoost,0.908800
MalariaCell,persistence_landscapes,discrete_cells,per_channel,5000,2,10500,5,0.937000,0.006419,3274.700000,0.936600,0.003611,597.200000,0.934200,0.009130,762.100000,0.929200,0.009411,85.000000,0.924600,0.009222,226.700000,0.927600,0.004128,103.300000,TabPFN,0.937000
MalariaCell,persistence_silhouette,discrete_cells,per_channel,5000,2,720,5,0.931600,0.005352,802.100000,0.877400,0.007658,100.300000,0.882000,0.010257,171.500000,0.852400,0.008333,51.400000,0.907600,0.008523,40.500000,0.895000,0.010139,73.800000,TabPFN,0.931600
MalariaCell,persistence_statistics,discrete_cells,per_channel,5000,2,186,5,0.946800,0.003655,250.200000,0.917200,0.008085,18.100000,0.917000,0.010257,63.800000,0.871400,0.003262,29.000000,0.935800,0.003655,24.100000,0.930000,0.005367,47.600000,TabPFN,0.946800
MalariaCell,template_functions,discrete_cells,per_channel,5000,2,486,5,0.953400,0.005886,585.400000,0.950400,0.007813,23.600000,0.952600,0.006248,92.600000,0.951200,0.005492,25.800000,0.946800,0.003370,29.900000,0.946400,0.006375,62.700000,TabPFN,0.953400
MalariaCell,tropical_coordinates,discrete_cells,per_channel,5000,2,432,5,0.947400,0.005886,668.900000,0.938800,0.008280,22.100000,0.938800,0.008207,82.800000,0.918400,0.008823,28.200000,0.913800,0.007167,36.800000,0.934800,0.005492,50.200000,TabPFN,0.947400
NCT_CRC_HE,ATOL,glands_lumens,per_channel,5000,9,144,5,0.976856,0.005003,201.300000,0.933466,0.005024,70.700000,0.928879,0.004408,235.600000,0.905603,0.011941,34.100000,0.963769,0.003736,30.400000,0.960745,0.003779,45.900000,TabPFN,0.976856
NCT_CRC_HE,betti_curves,glands_lumens,per_channel,5000,9,1200,5,0.955569,0.004634,811.700000,0.908118,0.005304,560.600000,0.896646,0.008500,1474.900000,0.876260,0.005409,64.000000,0.923034,0.002481,63.000000,0.922965,0.005880,51.700000,TabPFN,0.955569
NCT_CRC_HE,edge_histogram,glands_lumens,per_channel,5000,9,1440,5,0.596980,0.009492,437.800000,0.566659,0.013105,713.400000,0.568460,0.007355,831.200000,0.530757,0.002922,48.700000,0.568792,0.011313,40.000000,0.558257,0.008397,43.500000,TabPFN,0.596980
NCT_CRC_HE,euler_characteristic_curve,glands_lumens,per_channel,5000,9,420,5,0.968511,0.004167,653.000000,0.916268,0.009724,156.700000,0.910990,0.011112,496.100000,0.883635,0.013177,36.400000,0.945403,0.006437,42.500000,0.935740,0.007449,55.100000,TabPFN,0.968511
NCT_CRC_HE,euler_characteristic_transform,glands_lumens,per_channel,5000,9,1200,5,0.563017,0.011109,144.800000,0.531295,0.002835,422.400000,0.532364,0.009406,377.000000,0.491383,0.009869,15.900000,0.536638,0.006432,25.000000,0.520830,0.008231,27.300000,TabPFN,0.563017
NCT_CRC_HE,lbp_texture,glands_lumens,per_channel,5000,9,714,5,0.957730,0.003306,266.100000,0.885906,0.010469,127.700000,0.874753,0.013272,277.900000,0.854992,0.008220,21.500000,0.931240,0.006093,45.700000,0.926469,0.005846,48.100000,TabPFN,0.957730
NCT_CRC_HE,minkowski_functionals,glands_lumens,per_channel,5000,9,144,5,0.962137,0.005334,119.400000,0.905195,0.004427,27.800000,0.905827,0.012665,95.000000,0.876988,0.010776,11.100000,0.935223,0.010744,34.100000,0.931985,0.006021,45.900000,TabPFN,0.962137
NCT_CRC_HE,persistence_codebook,glands_lumens,per_channel,5000,9,336,5,0.977069,0.002528,267.800000,0.941080,0.003888,81.500000,0.929761,0.005718,241.400000,0.905530,0.009862,20.600000,0.959845,0.004735,27.700000,0.962655,0.009879,42.800000,TabPFN,0.977069
NCT_CRC_HE,persistence_entropy,glands_lumens,per_channel,5000,9,600,5,0.934886,0.003080,393.700000,0.888959,0.000904,136.800000,0.883587,0.006021,317.900000,0.868229,0.005823,25.100000,0.888381,0.006963,29.300000,0.904868,0.004519,36.400000,TabPFN,0.934886
NCT_CRC_HE,persistence_image,glands_lumens,per_channel,5000,9,4056,5,0.851938,0.011771,682.800000,0.872861,0.005530,894.300000,0.861269,0.004233,756.800000,0.796632,0.008811,23.400000,0.875895,0.004458,57.000000,0.867770,0.009594,36.600000,TabM,0.875895
NCT_CRC_HE,persistence_landscapes,glands_lumens,per_channel,5000,9,11400,5,0.945373,0.002361,1864.600000,0.889610,0.006134,2867.300000,0.000000,0.000000,3017.500000,0.859828,0.005468,99.100000,0.924711,0.006337,242.800000,0.920306,0.006065,140.200000,TabPFN,0.945373
NCT_CRC_HE,persistence_silhouette,glands_lumens,per_channel,5000,9,720,5,0.948518,0.006323,152.500000,0.893210,0.005632,311.800000,0.890018,0.007133,327.300000,0.859762,0.006461,15.600000,0.913652,0.008944,19.100000,0.919422,0.003593,25.400000,TabPFN,0.948518
NCT_CRC_HE,persistence_statistics,glands_lumens,per_channel,5000,9,186,5,0.975191,0.002672,264.000000,0.928526,0.006566,68.800000,0.925674,0.005638,273.200000,0.900371,0.007468,32.500000,0.952068,0.004030,34.300000,0.954536,0.003726,46.200000,TabPFN,0.975191
NCT_CRC_HE,template_functions,glands_lumens,per_channel,5000,9,600,5,0.956464,0.005669,142.300000,0.912511,0.005832,102.600000,0.908408,0.003430,176.800000,0.891035,0.004639,9.600000,0.929851,0.004191,17.800000,0.919442,0.005920,24.800000,TabPFN,0.956464
NCT_CRC_HE,tropical_coordinates,glands_lumens,per_channel,5000,9,720,5,0.912680,0.006088,146.400000,0.841437,0.009578,120.000000,0.838556,0.005197,207.200000,0.788854,0.011515,10.300000,0.852178,0.007007,20.200000,0.849204,0.004783,25.200000,TabPFN,0.912680
OCTMNIST,ATOL,organ_shape,grayscale,5000,4,48,5,0.640706,0.008300,82.200000,0.589359,0.008105,29.200000,0.632222,0.025656,73.900000,0.484897,0.003210,20.800000,0.626574,0.018418,22.500000,0.607515,0.013129,47.500000,TabPFN,0.640706
OCTMNIST,betti_curves,organ_shape,grayscale,5000,4,100,5,0.520325,0.010440,142.400000,0.494799,0.020531,28.500000,0.561176,0.012089,70.600000,0.436436,0.008820,20.500000,0.523876,0.018822,20.100000,0.519624,0.009536,44.000000,CatBoost,0.561176
OCTMNIST,edge_histogram,organ_shape,grayscale,5000,4,512,5,0.655311,0.013402,826.800000,0.612163,0.013095,264.300000,0.652297,0.015566,349.900000,0.506765,0.011001,36.900000,0.629075,0.012045,36.500000,0.624752,0.018253,55.500000,TabPFN,0.655311
OCTMNIST,euler_characteristic_curve,organ_shape,grayscale,5000,4,60,5,0.541724,0.009300,94.000000,0.518290,0.013531,22.100000,0.569864,0.008152,60.600000,0.451565,0.007856,17.700000,0.521686,0.012745,21.800000,0.510252,0.029219,49.700000,CatBoost,0.569864
OCTMNIST,euler_characteristic_transform,organ_shape,grayscale,5000,4,240,5,0.366538,0.007635,342.500000,0.361850,0.005311,75.100000,0.376795,0.009303,157.400000,0.332602,0.005776,26.800000,0.345585,0.017253,25.300000,0.344358,0.012312,76.100000,CatBoost,0.376795
OCTMNIST,lbp_texture,organ_shape,grayscale,5000,4,180,5,0.573878,0.007647,90.200000,0.507487,0.013451,56.500000,0.541431,0.013938,93.200000,0.430397,0.009904,16.200000,0.563756,0.014133,32.300000,0.545735,0.021083,71.000000,TabPFN,0.573878
OCTMNIST,minkowski_functionals,organ_shape,grayscale,5000,4,105,5,0.599312,0.015728,157.700000,0.524671,0.013470,43.200000,0.563135,0.017125,88.100000,0.463921,0.011083,23.600000,0.543831,0.010507,31.400000,0.547409,0.015873,49.100000,TabPFN,0.599312
OCTMNIST,persistence_codebook,organ_shape,grayscale,5000,4,56,5,0.607245,0.015264,91.000000,0.568317,0.011865,33.300000,0.607656,0.020301,75.500000,0.476161,0.016262,22.600000,0.607058,0.016864,22.000000,0.584309,0.012660,62.400000,CatBoost,0.607656
OCTMNIST,persistence_entropy,organ_shape,grayscale,5000,4,160,5,0.537374,0.013163,220.600000,0.522536,0.009940,80.900000,0.557164,0.020390,122.300000,0.473564,0.011160,28.900000,0.537223,0.005366,20.200000,0.528198,0.011203,45.200000,CatBoost,0.557164
OCTMNIST,persistence_image,organ_shape,grayscale,5000,4,288,5,0.474398,0.011779,339.000000,0.495411,0.013664,91.400000,0.534627,0.016268,140.300000,0.450206,0.012724,17.900000,0.481298,0.019465,23.800000,0.456543,0.019671,75.900000,CatBoost,0.534627
OCTMNIST,persistence_landscapes,organ_shape,grayscale,5000,4,3500,5,0.613339,0.013486,3817.100000,0.605190,0.012798,1412.500000,0.641291,0.018603,1758.200000,0.505000,0.011616,89.800000,0.635856,0.015730,100.100000,0.617442,0.011561,61.300000,CatBoost,0.641291
OCTMNIST,persistence_silhouette,organ_shape,grayscale,5000,4,200,5,0.550250,0.009126,289.000000,0.529491,0.010879,112.900000,0.574208,0.012279,160.400000,0.487474,0.006940,37.500000,0.547280,0.011171,24.600000,0.531633,0.016934,47.900000,CatBoost,0.574208
OCTMNIST,persistence_statistics,organ_shape,grayscale,5000,4,62,5,0.586635,0.011305,100.200000,0.550170,0.011948,37.000000,0.575412,0.011990,105.700000,0.493728,0.008339,22.900000,0.559648,0.014366,23.600000,0.542829,0.016063,92.800000,TabPFN,0.586635
OCTMNIST,template_functions,organ_shape,grayscale,5000,4,242,5,0.643098,0.011286,334.800000,0.613960,0.009702,87.500000,0.667290,0.010990,148.400000,0.535555,0.011292,24.500000,0.640230,0.020665,25.100000,0.618082,0.017553,56.400000,CatBoost,0.667290
OCTMNIST,tropical_coordinates,organ_shape,grayscale,5000,4,200,5,0.559540,0.015116,296.200000,0.537216,0.012453,67.600000,0.579920,0.023255,122.500000,0.472829,0.012891,27.900000,0.522846,0.024573,22.100000,0.519278,0.026956,47.500000,CatBoost,0.579920
OrganAMNIST,ATOL,organ_shape,grayscale,5000,11,48,5,0.826707,0.012480,109.400000,0.776946,0.005865,43.800000,0.767004,0.008873,44.200000,0.773569,0.008968,6.300000,0.799030,0.017651,16.200000,0.785548,0.009550,23.700000,TabPFN,0.826707
OrganAMNIST,betti_curves,organ_shape,grayscale,5000,11,100,5,0.736675,0.014130,140.000000,0.703586,0.015136,23.900000,0.698401,0.010697,45.600000,0.701731,0.007163,5.400000,0.703824,0.013843,14.500000,0.696153,0.011584,22.600000,TabPFN,0.736675
OrganAMNIST,edge_histogram,organ_shape,grayscale,5000,11,512,5,0.851321,0.003056,520.800000,0.812298,0.011530,173.800000,0.827335,0.008574,146.600000,0.795341,0.006968,8.600000,0.839621,0.013781,15.800000,0.821765,0.015812,24.900000,TabPFN,0.851321
OrganAMNIST,euler_characteristic_curve,organ_shape,grayscale,5000,11,60,5,0.775824,0.017950,118.100000,0.741716,0.012527,30.900000,0.727786,0.013380,45.900000,0.734036,0.017602,5.600000,0.752203,0.018748,16.000000,0.759332,0.014311,24.100000,TabPFN,0.775824
OrganAMNIST,euler_characteristic_transform,organ_shape,grayscale,5000,11,240,5,0.701609,0.018131,270.400000,0.628963,0.020787,82.200000,0.627241,0.017227,74.200000,0.571410,0.016765,7.000000,0.680445,0.017335,18.100000,0.621984,0.014433,23.900000,TabPFN,0.701609
OrganAMNIST,lbp_texture,organ_shape,grayscale,5000,11,180,5,0.788807,0.023216,98.600000,0.727487,0.017517,34.700000,0.701836,0.022292,40.900000,0.715645,0.017825,4.900000,0.742449,0.020196,17.000000,0.724061,0.026587,23.200000,TabPFN,0.788807
OrganAMNIST,minkowski_functionals,organ_shape,grayscale,5000,11,105,5,0.855809,0.009408,146.400000,0.801484,0.013086,30.800000,0.785122,0.017019,50.100000,0.806602,0.008114,6.000000,0.791544,0.019248,15.000000,0.780027,0.013404,24.100000,TabPFN,0.855809
OrganAMNIST,persistence_codebook,organ_shape,grayscale,5000,11,56,5,0.782172,0.018867,101.800000,0.739749,0.020817,31.200000,0.737020,0.019659,43.700000,0.722918,0.019715,5.800000,0.745985,0.022163,14.400000,0.733755,0.009364,23.400000,TabPFN,0.782172
OrganAMNIST,persistence_entropy,organ_shape,grayscale,5000,11,160,5,0.587378,0.017387,188.800000,0.578356,0.027542,71.200000,0.589485,0.019344,63.100000,0.562756,0.019107,7.500000,0.563978,0.015041,14.500000,0.568442,0.011390,23.300000,CatBoost,0.589485
OrganAMNIST,persistence_image,organ_shape,grayscale,5000,11,288,5,0.457089,0.023869,308.800000,0.548598,0.016781,69.600000,0.576174,0.011022,78.500000,0.514736,0.004935,5.200000,0.525273,0.012038,17.200000,0.495891,0.013782,25.000000,CatBoost,0.576174
OrganAMNIST,persistence_landscapes,organ_shape,grayscale,5000,11,3500,5,0.748410,0.022590,2419.900000,0.706937,0.010901,1281.600000,0.715026,0.022683,773.900000,0.710176,0.009757,23.000000,0.716229,0.018147,68.400000,0.714651,0.019886,35.500000,TabPFN,0.748410
OrganAMNIST,persistence_silhouette,organ_shape,grayscale,5000,11,200,5,0.636523,0.017207,230.000000,0.591268,0.015989,140.200000,0.594614,0.014282,76.000000,0.558810,0.014710,10.000000,0.605745,0.015240,17.800000,0.593161,0.022238,24.300000,TabPFN,0.636523
OrganAMNIST,persistence_statistics,organ_shape,grayscale,5000,11,62,5,0.806004,0.014032,120.900000,0.762349,0.011150,43.900000,0.757183,0.011923,47.800000,0.758969,0.009681,6.300000,0.756504,0.015492,14.400000,0.734153,0.014729,23.400000,TabPFN,0.806004
OrganAMNIST,template_functions,organ_shape,grayscale,5000,11,242,5,0.741899,0.014707,260.500000,0.707210,0.014180,71.700000,0.700373,0.009100,79.000000,0.707649,0.010230,6.700000,0.698574,0.012550,13.800000,0.702821,0.010680,25.100000,TabPFN,0.741899
OrganAMNIST,tropical_coordinates,organ_shape,grayscale,5000,11,200,5,0.646210,0.017892,222.800000,0.621639,0.008877,58.500000,0.623666,0.012017,70.900000,0.598179,0.013991,7.500000,0.597575,0.010208,12.500000,0.587879,0.014356,24.100000,TabPFN,0.646210
OrganCMNIST,ATOL,organ_shape,grayscale,5000,11,48,5,0.816002,0.007201,102.600000,0.750298,0.020035,24.800000,0.740834,0.011005,39.300000,0.729164,0.009974,5.900000,0.774523,0.017857,14.200000,0.772197,0.008461,24.000000,TabPFN,0.816002
OrganCMNIST,betti_curves,organ_shape,grayscale,5000,11,100,5,0.680884,0.016469,134.100000,0.642642,0.013905,27.500000,0.643001,0.017226,47.200000,0.631101,0.007702,5.500000,0.636756,0.020557,15.500000,0.635076,0.015709,23.700000,TabPFN,0.680884
OrganCMNIST,edge_histogram,organ_shape,grayscale,5000,11,512,5,0.815987,0.023124,520.100000,0.803681,0.022614,165.800000,0.810423,0.013271,146.000000,0.780038,0.019995,8.900000,0.829236,0.013638,16.000000,0.805221,0.011828,25.000000,TabM,0.829236
OrganCMNIST,euler_characteristic_curve,organ_shape,grayscale,5000,11,60,5,0.768731,0.019011,98.900000,0.720737,0.022207,21.600000,0.707435,0.018327,40.900000,0.704523,0.018689,5.100000,0.729293,0.022619,15.600000,0.730790,0.017077,24.000000,TabPFN,0.768731
OrganCMNIST,euler_characteristic_transform,organ_shape,grayscale,5000,11,240,5,0.607138,0.017996,264.100000,0.539989,0.032057,56.600000,0.558727,0.017883,68.500000,0.476616,0.016808,6.300000,0.591740,0.014282,16.300000,0.551804,0.031440,24.400000,TabPFN,0.607138
OrganCMNIST,lbp_texture,organ_shape,grayscale,5000,11,180,5,0.796387,0.020704,109.600000,0.756900,0.024977,69.700000,0.723992,0.012774,44.900000,0.739731,0.015827,5.700000,0.762546,0.027453,16.100000,0.765673,0.027173,23.200000,TabPFN,0.796387
OrganCMNIST,minkowski_functionals,organ_shape,grayscale,5000,11,105,5,0.813054,0.015118,156.200000,0.778042,0.013100,34.500000,0.755151,0.017202,49.700000,0.748210,0.014513,5.700000,0.755873,0.019940,14.300000,0.747327,0.017625,23.200000,TabPFN,0.813054
OrganCMNIST,persistence_codebook,organ_shape,grayscale,5000,11,56,5,0.765600,0.014810,114.600000,0.708170,0.021908,52.100000,0.715229,0.020218,45.800000,0.689339,0.020207,6.400000,0.731420,0.023268,14.300000,0.715951,0.009480,23.700000,TabPFN,0.765600
OrganCMNIST,persistence_entropy,organ_shape,grayscale,5000,11,160,5,0.556292,0.021160,282.100000,0.555284,0.009481,75.100000,0.562802,0.025984,63.000000,0.532353,0.023791,9.400000,0.520427,0.021706,11.900000,0.541500,0.016106,25.100000,CatBoost,0.562802
OrganCMNIST,persistence_image,organ_shape,grayscale,5000,11,288,5,0.415077,0.031296,310.900000,0.505320,0.013510,74.300000,0.516130,0.011225,78.400000,0.458831,0.013228,5.500000,0.479284,0.012019,12.100000,0.437191,0.018640,25.100000,CatBoost,0.516130
OrganCMNIST,persistence_landscapes,organ_shape,grayscale,5000,11,3500,5,0.690415,0.017401,2520.700000,0.659708,0.027036,1454.100000,0.654095,0.016955,781.000000,0.647009,0.007349,24.000000,0.669618,0.010958,51.400000,0.669935,0.017341,35.800000,TabPFN,0.690415
OrganCMNIST,persistence_silhouette,organ_shape,grayscale,5000,11,200,5,0.599020,0.018462,233.500000,0.559101,0.015800,149.900000,0.567401,0.016890,75.300000,0.517920,0.013826,9.800000,0.562454,0.016470,15.100000,0.551295,0.005289,24.200000,TabPFN,0.599020
OrganCMNIST,persistence_statistics,organ_shape,grayscale,5000,11,62,5,0.763322,0.025509,120.000000,0.712895,0.020740,47.800000,0.699021,0.018616,47.200000,0.697228,0.012614,6.200000,0.708855,0.026858,18.800000,0.700318,0.013491,25.100000,TabPFN,0.763322
OrganCMNIST,template_functions,organ_shape,grayscale,5000,11,242,5,0.686812,0.017816,278.100000,0.653196,0.011439,131.800000,0.655769,0.007626,90.400000,0.633038,0.011052,7.300000,0.653770,0.022066,14.900000,0.629538,0.018303,24.500000,TabPFN,0.686812
OrganCMNIST,tropical_coordinates,organ_shape,grayscale,5000,11,200,5,0.596541,0.025296,236.900000,0.576528,0.013116,62.200000,0.581520,0.013097,74.000000,0.564588,0.013264,7.400000,0.540984,0.013729,12.500000,0.546570,0.009808,23.800000,TabPFN,0.596541
OrganSMNIST,ATOL,organ_shape,grayscale,5000,11,48,5,0.799343,0.009091,106.700000,0.735815,0.010983,44.600000,0.733548,0.015649,46.200000,0.707885,0.012477,6.300000,0.761851,0.022408,15.200000,0.753851,0.008737,23.200000,TabPFN,0.799343
OrganSMNIST,betti_curves,organ_shape,grayscale,5000,11,100,5,0.674867,0.010481,136.400000,0.636340,0.010803,26.500000,0.630647,0.027875,46.000000,0.621433,0.019365,5.600000,0.634657,0.025336,14.300000,0.636239,0.010211,23.000000,TabPFN,0.674867
OrganSMNIST,edge_histogram,organ_shape,grayscale,5000,11,512,5,0.652849,0.017076,542.200000,0.612936,0.013948,393.700000,0.633576,0.011574,155.100000,0.581012,0.013453,10.000000,0.638618,0.014548,15.900000,0.625539,0.020459,25.100000,TabPFN,0.652849
OrganSMNIST,euler_characteristic_curve,organ_shape,grayscale,5000,11,60,5,0.749262,0.016317,116.900000,0.704187,0.007285,36.700000,0.690120,0.005153,46.400000,0.677337,0.004431,5.700000,0.716660,0.007849,16.700000,0.718394,0.018274,23.800000,TabPFN,0.749262
OrganSMNIST,euler_characteristic_transform,organ_shape,grayscale,5000,11,240,5,0.452853,0.006578,262.300000,0.409671,0.012276,54.100000,0.416760,0.019175,66.600000,0.359149,0.012951,6.500000,0.453872,0.009802,15.900000,0.403631,0.016791,23.600000,TabM,0.453872
OrganSMNIST,lbp_texture,organ_shape,grayscale,5000,11,180,5,0.769087,0.011600,99.400000,0.702079,0.011189,38.700000,0.678028,0.008617,41.400000,0.683210,0.007220,5.100000,0.730726,0.012734,17.100000,0.718846,0.003372,24.000000,TabPFN,0.769087
OrganSMNIST,minkowski_functionals,organ_shape,grayscale,5000,11,105,5,0.811911,0.007962,142.600000,0.736004,0.005713,33.600000,0.724349,0.008372,51.300000,0.711877,0.010047,6.000000,0.732053,0.017211,13.800000,0.726504,0.015733,23.500000,TabPFN,0.811911
OrganSMNIST,persistence_codebook,organ_shape,grayscale,5000,11,56,5,0.760269,0.009236,98.800000,0.705845,0.004431,32.500000,0.715838,0.007254,41.400000,0.667782,0.009016,5.700000,0.725269,0.006204,14.500000,0.706976,0.011652,24.600000,TabPFN,0.760269
OrganSMNIST,persistence_entropy,organ_shape,grayscale,5000,11,160,5,0.546812,0.023360,184.500000,0.541957,0.012797,73.800000,0.558952,0.020661,63.000000,0.520606,0.015234,7.300000,0.507718,0.026203,11.800000,0.524669,0.017584,24.000000,CatBoost,0.558952
OrganSMNIST,persistence_image,organ_shape,grayscale,5000,11,288,5,0.392974,0.020533,326.000000,0.479222,0.005462,127.800000,0.499602,0.009290,88.200000,0.409651,0.019127,6.100000,0.461376,0.017053,12.200000,0.402993,0.013689,24.500000,CatBoost,0.499602
OrganSMNIST,persistence_landscapes,organ_shape,grayscale,5000,11,3500,5,0.676563,0.012456,2448.000000,0.651103,0.012812,1446.300000,0.658460,0.010380,787.000000,0.645100,0.011055,24.100000,0.661090,0.010618,59.800000,0.648385,0.015357,35.700000,TabPFN,0.676563
OrganSMNIST,persistence_silhouette,organ_shape,grayscale,5000,11,200,5,0.597693,0.007169,240.000000,0.553900,0.010136,161.800000,0.562002,0.012845,77.400000,0.515137,0.012682,10.200000,0.552695,0.018525,16.200000,0.533568,0.017649,23.900000,TabPFN,0.597693
OrganSMNIST,persistence_statistics,organ_shape,grayscale,5000,11,62,5,0.766226,0.008889,100.000000,0.708305,0.007812,27.100000,0.702974,0.003380,41.300000,0.695281,0.005013,5.700000,0.696450,0.016707,13.800000,0.685379,0.020731,24.600000,TabPFN,0.766226
OrganSMNIST,template_functions,organ_shape,grayscale,5000,11,242,5,0.678384,0.008008,260.600000,0.636722,0.015462,79.900000,0.645144,0.010788,80.900000,0.609821,0.016972,6.700000,0.639790,0.007153,14.100000,0.610353,0.009406,24.300000,TabPFN,0.678384
OrganSMNIST,tropical_coordinates,organ_shape,grayscale,5000,11,200,5,0.567821,0.018823,245.100000,0.565653,0.023925,106.700000,0.576983,0.018872,81.500000,0.522526,0.016819,7.900000,0.517880,0.017941,12.900000,0.524461,0.006982,23.600000,CatBoost,0.576983
PCam,ATOL,discrete_cells,per_channel,5000,2,120,5,0.904400,0.010365,173.300000,0.882200,0.008976,15.400000,0.877800,0.010028,61.300000,0.865000,0.008099,29.600000,0.894200,0.012007,34.000000,0.878400,0.012371,61.500000,TabPFN,0.904400
PCam,betti_curves,discrete_cells,per_channel,5000,2,720,5,0.878200,0.009389,833.000000,0.849200,0.013014,77.400000,0.846800,0.012139,157.900000,0.839200,0.010907,47.100000,0.857000,0.012633,37.800000,0.841400,0.010707,51.200000,TabPFN,0.878200
PCam,edge_histogram,discrete_cells,per_channel,5000,2,1440,5,0.696600,0.009243,833.000000,0.661000,0.014519,206.800000,0.661400,0.009749,324.000000,0.671600,0.017013,85.700000,0.637400,0.012468,49.900000,0.648400,0.012722,49.800000,TabPFN,0.696600
PCam,euler_characteristic_curve,discrete_cells,per_channel,5000,2,480,5,0.887200,0.015263,697.300000,0.854600,0.009891,55.700000,0.851800,0.009948,123.900000,0.850000,0.014751,40.600000,0.857000,0.011662,35.300000,0.849200,0.014218,47.300000,TabPFN,0.887200
PCam,euler_characteristic_transform,discrete_cells,per_channel,5000,2,360,5,0.725400,0.011672,495.700000,0.704400,0.005571,40.400000,0.706000,0.006573,91.300000,0.696000,0.011367,36.000000,0.706000,0.008414,27.000000,0.694000,0.006899,47.300000,TabPFN,0.725400
PCam,lbp_texture,discrete_cells,per_channel,5000,2,912,5,0.856800,0.003311,269.600000,0.833400,0.007813,26.300000,0.829000,0.007694,63.300000,0.819600,0.008593,18.300000,0.839400,0.009521,35.900000,0.824600,0.010651,47.400000,TabPFN,0.856800
PCam,minkowski_functionals,discrete_cells,per_channel,5000,2,540,5,0.887600,0.009891,833.300000,0.857600,0.006741,47.900000,0.847800,0.012921,111.500000,0.845400,0.009222,39.500000,0.847800,0.013014,34.200000,0.840400,0.011689,49.700000,TabPFN,0.887600
PCam,persistence_codebook,discrete_cells,per_channel,5000,2,288,5,0.902400,0.012847,417.100000,0.881200,0.008565,38.400000,0.882000,0.008414,93.000000,0.861400,0.013588,38.300000,0.886800,0.007026,33.100000,0.867400,0.011002,56.400000,TabPFN,0.902400
PCam,persistence_entropy,discrete_cells,per_channel,5000,2,1200,5,0.843800,0.012560,780.800000,0.832400,0.014444,184.700000,0.832400,0.016107,251.300000,0.819600,0.017511,84.500000,0.810000,0.012602,42.900000,0.820600,0.007965,48.400000,TabPFN,0.843800
PCam,persistence_image,discrete_cells,per_channel,5000,2,600,5,0.801800,0.016042,793.400000,0.812800,0.010703,46.400000,0.810200,0.009867,103.800000,0.797000,0.017390,24.700000,0.803200,0.007884,29.800000,0.781400,0.017738,48.600000,XGBoost,0.812800
PCam,persistence_landscapes,discrete_cells,per_channel,5000,2,10500,5,0.864200,0.011089,3862.600000,0.842000,0.007403,1372.900000,0.839400,0.009891,1802.700000,0.828800,0.012090,230.800000,0.839600,0.012371,324.300000,0.826200,0.007679,106.400000,TabPFN,0.864200
PCam,persistence_silhouette,discrete_cells,per_channel,5000,2,720,5,0.870400,0.010307,774.100000,0.841600,0.012484,114.000000,0.844400,0.011110,178.400000,0.834600,0.013455,83.500000,0.840600,0.010151,38.200000,0.833800,0.009745,47.000000,TabPFN,0.870400
PCam,persistence_statistics,discrete_cells,per_channel,5000,2,186,5,0.896200,0.009239,260.800000,0.863800,0.008976,21.500000,0.863400,0.009952,65.200000,0.852400,0.013879,33.300000,0.871200,0.008773,25.800000,0.858400,0.011074,54.000000,TabPFN,0.896200
PCam,template_functions,discrete_cells,per_channel,5000,2,486,5,0.889600,0.008845,707.800000,0.864800,0.009928,53.200000,0.862000,0.009529,114.400000,0.847000,0.006753,43.200000,0.860400,0.006468,30.600000,0.847400,0.010307,56.800000,TabPFN,0.889600
PCam,tropical_coordinates,discrete_cells,per_channel,5000,2,432,5,0.807000,0.009612,650.800000,0.796800,0.009948,42.500000,0.795600,0.009002,101.300000,0.790600,0.010670,36.500000,0.780000,0.011402,30.300000,0.761800,0.011548,61.000000,TabPFN,0.807000
PathMNIST,ATOL,glands_lumens,per_channel,5000,9,144,5,0.974588,0.005039,207.700000,0.932245,0.004335,74.100000,0.927816,0.004774,244.900000,0.903758,0.003769,34.200000,0.959723,0.005742,31.700000,0.955849,0.005697,47.700000,TabPFN,0.974588
PathMNIST,betti_curves,glands_lumens,per_channel,5000,9,1200,5,0.955851,0.009813,783.900000,0.901882,0.011883,598.400000,0.899809,0.005968,1803.000000,0.875862,0.008999,64.800000,0.919550,0.014857,60.200000,0.917031,0.012291,48.800000,TabPFN,0.955851
PathMNIST,edge_histogram,glands_lumens,per_channel,5000,9,1440,5,0.607734,0.006096,829.800000,0.564495,0.013635,1517.600000,0.560096,0.010031,2211.100000,0.533944,0.017628,109.000000,0.570950,0.010025,54.900000,0.552141,0.018950,52.200000,TabPFN,0.607734
PathMNIST,euler_characteristic_curve,glands_lumens,per_channel,5000,9,420,5,0.968178,0.005111,640.400000,0.914954,0.008321,167.700000,0.904791,0.005545,503.700000,0.885685,0.008588,36.400000,0.939275,0.008561,44.900000,0.935068,0.007350,48.200000,TabPFN,0.968178
PathMNIST,euler_characteristic_transform,glands_lumens,per_channel,5000,9,1200,5,0.564417,0.010524,782.500000,0.514077,0.015500,1210.900000,0.523458,0.018722,1474.100000,0.487334,0.010873,73.000000,0.535596,0.012828,63.000000,0.518685,0.009016,52.500000,TabPFN,0.564417
PathMNIST,lbp_texture,glands_lumens,per_channel,5000,9,714,5,0.962099,0.003727,268.700000,0.896490,0.010236,131.700000,0.881602,0.011099,262.800000,0.860543,0.011745,21.500000,0.936226,0.006250,47.700000,0.932717,0.005469,48.700000,TabPFN,0.962099
PathMNIST,minkowski_functionals,glands_lumens,per_channel,5000,9,144,5,0.966204,0.005533,206.600000,0.915313,0.002650,58.000000,0.903882,0.005753,219.800000,0.870318,0.005217,23.600000,0.933320,0.008925,37.700000,0.936351,0.008034,59.600000,TabPFN,0.966204
PathMNIST,persistence_codebook,glands_lumens,per_channel,5000,9,336,5,0.973015,0.004934,494.200000,0.931026,0.002882,181.600000,0.926774,0.003415,539.500000,0.906232,0.004893,46.200000,0.951389,0.004155,30.800000,0.949707,0.005982,72.000000,TabPFN,0.973015
PathMNIST,persistence_entropy,glands_lumens,per_channel,5000,9,600,5,0.933189,0.010471,839.800000,0.895370,0.008216,333.400000,0.889259,0.008255,779.300000,0.866823,0.010224,58.500000,0.893824,0.005939,44.700000,0.901856,0.007330,49.300000,TabPFN,0.933189
PathMNIST,persistence_image,glands_lumens,per_channel,5000,9,4056,5,0.856577,0.009033,4101.700000,0.866448,0.005972,1946.800000,0.000000,0.000000,3021.200000,0.785419,0.004895,66.300000,0.878707,0.005342,113.100000,0.861126,0.005296,61.600000,TabM,0.878707
PathMNIST,persistence_landscapes,glands_lumens,per_channel,5000,9,11400,5,0.945589,0.006045,3894.900000,0.893132,0.011689,6823.500000,0.000000,0.000000,3030.200000,0.854796,0.005250,234.700000,0.922274,0.009619,395.400000,0.914442,0.007696,125.900000,TabPFN,0.945589
PathMNIST,persistence_silhouette,glands_lumens,per_channel,5000,9,720,5,0.949096,0.004875,780.500000,0.894778,0.011533,439.100000,0.891255,0.005484,999.900000,0.861475,0.012652,72.600000,0.914347,0.009797,51.100000,0.913635,0.008297,50.300000,TabPFN,0.949096
PathMNIST,persistence_statistics,glands_lumens,per_channel,5000,9,186,5,0.975001,0.002061,272.000000,0.929584,0.003264,95.600000,0.920514,0.005079,278.600000,0.898945,0.004827,34.500000,0.949151,0.004099,36.900000,0.950417,0.007367,69.300000,TabPFN,0.975001
PathMNIST,template_functions,glands_lumens,per_channel,5000,9,600,5,0.956857,0.007209,787.800000,0.912346,0.007743,266.400000,0.901170,0.006455,664.900000,0.884959,0.006281,42.000000,0.921276,0.008506,35.800000,0.920142,0.005534,49.500000,TabPFN,0.956857
PathMNIST,tropical_coordinates,glands_lumens,per_channel,5000,9,720,5,0.907030,0.004490,831.500000,0.825120,0.004408,371.700000,0.829937,0.007203,756.400000,0.782362,0.008596,45.600000,0.847897,0.004134,47.700000,0.849798,0.006720,55.100000,TabPFN,0.907030
PneumoniaMNIST,ATOL,organ_shape,grayscale,4708,2,48,5,0.930969,0.010707,76.000000,0.917008,0.011702,5.700000,0.925006,0.009095,44.800000,0.892569,0.008303,17.000000,0.919689,0.013263,20.700000,0.910987,0.009040,56.200000,TabPFN,0.930969
PneumoniaMNIST,betti_curves,organ_shape,grayscale,4708,2,100,5,0.893109,0.007991,131.900000,0.879976,0.010491,4.600000,0.891282,0.006327,42.400000,0.832840,0.009546,15.800000,0.881076,0.007013,19.100000,0.875385,0.010427,43.600000,TabPFN,0.893109
PneumoniaMNIST,edge_histogram,organ_shape,grayscale,4708,2,512,5,0.951612,0.015489,670.800000,0.947369,0.015744,38.800000,0.954003,0.011927,132.700000,0.918032,0.012434,36.200000,0.950481,0.017395,25.100000,0.942389,0.012018,44.000000,CatBoost,0.954003
PneumoniaMNIST,euler_characteristic_curve,organ_shape,grayscale,4708,2,60,5,0.896629,0.008981,85.000000,0.884710,0.007269,3.400000,0.905805,0.007068,39.200000,0.879994,0.004314,12.400000,0.893756,0.007552,16.500000,0.887772,0.007887,43.100000,CatBoost,0.905805
PneumoniaMNIST,euler_characteristic_transform,organ_shape,grayscale,4708,2,240,5,0.891887,0.014336,303.100000,0.846406,0.011955,10.700000,0.869018,0.014114,56.000000,0.738906,0.018218,18.500000,0.876027,0.014056,24.700000,0.854044,0.022596,47.300000,TabPFN,0.891887
PneumoniaMNIST,lbp_texture,organ_shape,grayscale,4708,2,180,5,0.933190,0.009293,80.400000,0.919681,0.009362,7.000000,0.929055,0.008348,43.300000,0.910784,0.012441,12.400000,0.926265,0.005209,23.200000,0.921887,0.010386,46.100000,TabPFN,0.933190
PneumoniaMNIST,minkowski_functionals,organ_shape,grayscale,4708,2,105,5,0.915711,0.010099,139.900000,0.902476,0.014246,7.300000,0.915979,0.010817,48.400000,0.891885,0.006860,16.300000,0.902556,0.010971,19.700000,0.895816,0.005624,44.100000,CatBoost,0.915979
PneumoniaMNIST,persistence_codebook,organ_shape,grayscale,4708,2,56,5,0.907923,0.016120,82.100000,0.895540,0.012593,6.300000,0.901334,0.017327,44.500000,0.873442,0.017321,17.800000,0.901849,0.014208,18.400000,0.888181,0.016242,44.900000,TabPFN,0.907923
PneumoniaMNIST,persistence_entropy,organ_shape,grayscale,4708,2,160,5,0.869390,0.008526,205.800000,0.858432,0.006210,16.700000,0.880012,0.009931,64.300000,0.805910,0.014700,29.000000,0.848465,0.013033,18.000000,0.841855,0.022278,49.400000,CatBoost,0.880012
PneumoniaMNIST,persistence_image,organ_shape,grayscale,4708,2,288,5,0.873389,0.008763,336.900000,0.864782,0.006048,15.500000,0.887306,0.004128,64.700000,0.843132,0.009465,16.700000,0.851829,0.012150,20.100000,0.854087,0.012504,50.800000,CatBoost,0.887306
PneumoniaMNIST,persistence_landscapes,organ_shape,grayscale,4708,2,3500,5,0.928675,0.005491,3241.200000,0.922484,0.004869,230.100000,0.927665,0.005403,480.000000,0.892390,0.012642,76.500000,0.925246,0.008896,92.400000,0.919054,0.010679,51.400000,TabPFN,0.928675
PneumoniaMNIST,persistence_silhouette,organ_shape,grayscale,4708,2,200,5,0.903837,0.007996,253.500000,0.892153,0.004987,19.500000,0.905708,0.010003,74.300000,0.872026,0.008134,33.700000,0.890792,0.010513,19.700000,0.867010,0.014832,48.900000,CatBoost,0.905708
PneumoniaMNIST,persistence_statistics,organ_shape,grayscale,4708,2,62,5,0.934423,0.011458,84.300000,0.901008,0.012199,5.600000,0.916761,0.014289,45.500000,0.899492,0.012409,16.500000,0.915610,0.015186,21.300000,0.902213,0.015375,50.300000,TabPFN,0.934423
PneumoniaMNIST,template_functions,organ_shape,grayscale,4708,2,242,5,0.934448,0.010990,292.500000,0.914652,0.013566,17.100000,0.923523,0.016277,78.700000,0.870078,0.010739,23.900000,0.912374,0.012132,25.600000,0.910514,0.014860,61.900000,TabPFN,0.934448
PneumoniaMNIST,tropical_coordinates,organ_shape,grayscale,4708,2,200,5,0.909047,0.008924,261.400000,0.902987,0.012132,11.800000,0.912506,0.006952,61.600000,0.885022,0.008763,22.200000,0.885092,0.007510,19.100000,0.894687,0.006480,44.500000,CatBoost,0.912506
RetinaMNIST,ATOL,vessel_trees,per_channel,1080,5,120,5,0.433078,0.029498,31.300000,0.411765,0.033744,29.200000,0.432566,0.032717,126.400000,0.388042,0.024946,10.100000,0.391489,0.028131,9.800000,0.413689,0.014712,10.800000,TabPFN,0.433078
RetinaMNIST,betti_curves,vessel_trees,per_channel,1080,5,840,5,0.395954,0.025424,109.200000,0.379336,0.022832,53.700000,0.406302,0.028675,196.000000,0.319769,0.017969,13.700000,0.385376,0.039631,22.600000,0.363336,0.032435,16.700000,CatBoost,0.406302
RetinaMNIST,edge_histogram,vessel_trees,per_channel,1080,5,1152,5,0.363832,0.015339,104.100000,0.349343,0.012681,157.100000,0.391216,0.032447,359.200000,0.323563,0.011826,10.400000,0.351103,0.018808,26.800000,0.311337,0.045256,13.500000,CatBoost,0.391216
RetinaMNIST,euler_characteristic_curve,vessel_trees,per_channel,1080,5,480,5,0.347567,0.018435,95.100000,0.390551,0.020536,24.900000,0.402199,0.032289,111.000000,0.341404,0.010114,10.300000,0.337724,0.032742,16.500000,0.332118,0.029869,15.500000,CatBoost,0.402199
RetinaMNIST,euler_characteristic_transform,vessel_trees,per_channel,1080,5,2400,5,0.226138,0.012412,504.200000,0.306100,0.022690,182.900000,0.304336,0.021792,443.900000,0.240221,0.006996,16.300000,0.264167,0.038756,43.500000,0.265062,0.021383,17.700000,XGBoost,0.306100
RetinaMNIST,lbp_texture,vessel_trees,per_channel,1080,5,912,5,0.530715,0.023906,53.500000,0.467367,0.037967,61.300000,0.489739,0.036655,189.700000,0.407159,0.036618,11.900000,0.499329,0.040207,23.900000,0.496681,0.029653,17.800000,TabPFN,0.530715
RetinaMNIST,minkowski_functionals,vessel_trees,per_channel,1080,5,405,5,0.372954,0.018501,85.300000,0.393273,0.016726,59.000000,0.422083,0.020982,210.100000,0.388185,0.022365,10.800000,0.362399,0.033266,13.900000,0.341342,0.019223,11.000000,CatBoost,0.422083
RetinaMNIST,persistence_codebook,vessel_trees,per_channel,1080,5,576,5,0.407420,0.030627,102.400000,0.379582,0.024390,130.400000,0.400759,0.008945,428.200000,0.333062,0.013383,13.400000,0.372177,0.040822,17.900000,0.360779,0.025513,13.500000,TabPFN,0.407420
RetinaMNIST,persistence_entropy,vessel_trees,per_channel,1080,5,600,5,0.383307,0.007666,105.000000,0.391625,0.019018,145.500000,0.406394,0.022287,483.400000,0.346982,0.022890,13.600000,0.372499,0.024215,19.500000,0.381603,0.031594,17.300000,CatBoost,0.406394
RetinaMNIST,persistence_image,vessel_trees,per_channel,1080,5,1176,5,0.198367,0.003265,120.400000,0.258971,0.020200,30.400000,0.271823,0.016605,89.400000,0.248959,0.014149,10.400000,0.229740,0.024617,25.000000,0.201440,0.010527,16.800000,CatBoost,0.271823
RetinaMNIST,persistence_landscapes,vessel_trees,per_channel,1080,5,3000,5,0.413824,0.015075,261.600000,0.427840,0.039042,310.000000,0.447478,0.031129,691.600000,0.412888,0.027661,13.600000,0.417942,0.045699,45.400000,0.401315,0.022989,13.800000,CatBoost,0.447478
RetinaMNIST,persistence_silhouette,vessel_trees,per_channel,1080,5,840,5,0.338823,0.010172,106.300000,0.368371,0.029985,228.700000,0.393554,0.042655,732.300000,0.369698,0.043787,17.300000,0.318987,0.021633,21.800000,0.328054,0.019562,16.500000,CatBoost,0.393554
RetinaMNIST,persistence_statistics,vessel_trees,per_channel,1080,5,186,5,0.555326,0.036890,44.600000,0.512091,0.009458,37.000000,0.519130,0.016869,184.100000,0.447056,0.009077,12.100000,0.473398,0.011035,13.400000,0.462762,0.054107,15.900000,TabPFN,0.555326
RetinaMNIST,template_functions,vessel_trees,per_channel,1080,5,150,5,0.454825,0.031042,39.900000,0.452589,0.025981,33.800000,0.458834,0.027120,148.400000,0.392992,0.035126,11.900000,0.425113,0.041314,13.600000,0.417831,0.019644,19.300000,CatBoost,0.458834
RetinaMNIST,tropical_coordinates,vessel_trees,per_channel,1080,5,240,5,0.425771,0.006731,57.500000,0.410144,0.036389,40.100000,0.435213,0.031340,177.700000,0.374854,0.027582,10.900000,0.327924,0.035479,14.900000,0.388262,0.021289,18.800000,CatBoost,0.435213
SIPaKMeD,ATOL,discrete_cells,per_channel,4049,5,120,5,0.961946,0.006914,136.900000,0.945538,0.006320,34.200000,0.946101,0.009747,135.900000,0.936822,0.007414,21.900000,0.951591,0.006550,30.100000,0.942172,0.007794,41.700000,TabPFN,0.961946
SIPaKMeD,betti_curves,discrete_cells,per_channel,4049,5,720,5,0.921729,0.008073,571.500000,0.891926,0.013990,170.000000,0.882397,0.012503,515.700000,0.856410,0.021386,36.400000,0.900154,0.010808,36.700000,0.889245,0.005533,44.300000,TabPFN,0.921729
SIPaKMeD,edge_histogram,discrete_cells,per_channel,4049,5,1440,5,0.189415,0.003798,4082.700000,0.207736,0.004231,11.400000,0.213569,0.002760,41.700000,0.215020,0.001237,7.800000,0.212741,0.003211,25.300000,0.203840,0.005891,29.500000,RandomForest,0.215020
SIPaKMeD,euler_characteristic_curve,discrete_cells,per_channel,4049,5,480,5,0.942581,0.009521,473.200000,0.917445,0.009937,71.200000,0.903468,0.009187,321.600000,0.893257,0.008460,24.500000,0.886102,0.015434,32.000000,0.895149,0.013877,53.100000,TabPFN,0.942581
SIPaKMeD,euler_characteristic_transform,discrete_cells,per_channel,4049,5,360,5,0.637213,0.012069,81.500000,0.629298,0.012371,60.700000,0.614100,0.012417,101.100000,0.588605,0.013489,7.400000,0.599115,0.014534,27.200000,0.568024,0.021588,20.900000,TabPFN,0.637213
SIPaKMeD,lbp_texture,discrete_cells,per_channel,4049,5,912,5,0.941692,0.006862,202.400000,0.876656,0.008944,97.200000,0.862534,0.013007,169.800000,0.837336,0.014298,18.700000,0.903271,0.012124,39.900000,0.897017,0.009830,51.800000,TabPFN,0.941692
SIPaKMeD,minkowski_functionals,discrete_cells,per_channel,4049,5,540,5,0.969100,0.006376,300.700000,0.941728,0.006951,37.200000,0.938678,0.009504,120.900000,0.928546,0.008490,10.900000,0.939913,0.008540,24.600000,0.935820,0.010158,30.100000,TabPFN,0.969100
SIPaKMeD,persistence_codebook,discrete_cells,per_channel,4049,5,288,5,0.964608,0.005408,174.900000,0.929192,0.005053,44.200000,0.929181,0.006929,101.500000,0.914749,0.007155,11.900000,0.945895,0.006582,23.200000,0.928250,0.005739,28.600000,TabPFN,0.964608
SIPaKMeD,persistence_entropy,discrete_cells,per_channel,4049,5,1200,5,0.912545,0.007498,349.000000,0.877334,0.010306,211.500000,0.872006,0.010221,341.100000,0.832305,0.009057,29.700000,0.860808,0.009388,34.800000,0.873481,0.011459,31.000000,TabPFN,0.912545
SIPaKMeD,persistence_image,discrete_cells,per_channel,4049,5,600,5,0.908893,0.010401,112.200000,0.890689,0.013379,73.600000,0.879284,0.014181,101.100000,0.859367,0.017207,6.500000,0.881044,0.011343,14.900000,0.874240,0.015601,21.100000,TabPFN,0.908893
SIPaKMeD,persistence_landscapes,discrete_cells,per_channel,4049,5,10500,5,0.934387,0.006695,1457.900000,0.912695,0.010018,1155.800000,0.900845,0.012821,1987.700000,0.861018,0.022114,59.200000,0.919926,0.006246,178.600000,0.925810,0.013176,110.700000,TabPFN,0.934387
SIPaKMeD,persistence_silhouette,discrete_cells,per_channel,4049,5,720,5,0.928305,0.006722,113.800000,0.893405,0.009577,102.000000,0.889725,0.008236,156.900000,0.864842,0.007365,11.500000,0.897747,0.017594,16.200000,0.904920,0.014415,21.100000,TabPFN,0.928305
SIPaKMeD,persistence_statistics,discrete_cells,per_channel,4049,5,186,5,0.976445,0.003378,185.400000,0.940321,0.005790,40.300000,0.938811,0.011827,153.300000,0.921888,0.009686,24.900000,0.950315,0.004342,26.400000,0.949523,0.006093,39.600000,TabPFN,0.976445
SIPaKMeD,template_functions,discrete_cells,per_channel,4049,5,486,5,0.944920,0.008423,107.900000,0.915041,0.007097,61.900000,0.908374,0.009886,104.100000,0.887597,0.015176,7.300000,0.911612,0.007970,14.200000,0.911551,0.007756,20.500000,TabPFN,0.944920
SIPaKMeD,tropical_coordinates,discrete_cells,per_channel,4049,5,432,5,0.937930,0.010273,96.000000,0.884387,0.019302,43.800000,0.882556,0.020625,83.400000,0.859178,0.017012,7.200000,0.879480,0.015824,15.000000,0.889476,0.020344,20.700000,TabPFN,0.937930
TissueMNIST,ATOL,discrete_cells,grayscale,5000,8,40,5,0.370361,0.009698,69.000000,0.345385,0.013174,42.600000,0.406138,0.012212,105.000000,0.328452,0.007545,19.600000,0.384997,0.018383,18.800000,0.366549,0.025592,44.400000,CatBoost,0.406138
TissueMNIST,betti_curves,discrete_cells,grayscale,5000,8,240,5,0.315816,0.008804,347.500000,0.308984,0.009874,46.500000,0.343093,0.011034,95.700000,0.294681,0.007239,21.500000,0.319507,0.020918,20.600000,0.307587,0.021198,49.900000,CatBoost,0.343093
TissueMNIST,edge_histogram,discrete_cells,grayscale,5000,8,480,5,0.161265,0.004308,10857.700000,0.163390,0.005363,36.900000,0.176366,0.013740,114.800000,0.171735,0.014441,21.300000,0.163408,0.002519,24.400000,0.162289,0.011237,67.900000,CatBoost,0.176366
TissueMNIST,euler_characteristic_curve,discrete_cells,grayscale,5000,8,160,5,0.340055,0.014868,225.800000,0.326819,0.009889,32.600000,0.376708,0.008368,78.500000,0.311301,0.014666,15.400000,0.336182,0.017010,19.700000,0.342175,0.017010,60.000000,CatBoost,0.376708
TissueMNIST,euler_characteristic_transform,discrete_cells,grayscale,5000,8,120,5,0.171885,0.010024,171.300000,0.180971,0.006254,29.400000,0.223598,0.008341,78.300000,0.172745,0.010905,17.000000,0.174620,0.007517,18.300000,0.170227,0.003698,57.800000,CatBoost,0.223598
TissueMNIST,lbp_texture,discrete_cells,grayscale,5000,8,304,5,0.325829,0.011243,88.700000,0.286466,0.013651,75.200000,0.326217,0.022019,104.400000,0.257351,0.008921,16.300000,0.311352,0.019737,20.900000,0.310215,0.007935,44.800000,CatBoost,0.326217
TissueMNIST,minkowski_functionals,discrete_cells,grayscale,5000,8,180,5,0.329096,0.010767,267.000000,0.326434,0.019821,104.700000,0.374335,0.017162,193.300000,0.306506,0.015560,20.300000,0.327580,0.023785,22.600000,0.318987,0.024406,70.300000,CatBoost,0.374335
TissueMNIST,persistence_codebook,discrete_cells,grayscale,5000,8,96,5,0.355452,0.011336,144.100000,0.341455,0.011835,77.000000,0.378193,0.020011,156.200000,0.316919,0.011632,19.800000,0.353628,0.011405,21.900000,0.342534,0.009536,58.700000,CatBoost,0.378193
TissueMNIST,persistence_entropy,discrete_cells,grayscale,5000,8,400,5,0.272692,0.009670,588.000000,0.281451,0.010644,396.800000,0.307067,0.004728,526.500000,0.258923,0.011491,37.600000,0.259029,0.005621,23.000000,0.268420,0.009395,49.500000,CatBoost,0.307067
TissueMNIST,persistence_image,discrete_cells,grayscale,5000,8,200,5,0.268820,0.010085,299.100000,0.291285,0.013076,146.000000,0.309857,0.016941,266.100000,0.263409,0.012265,20.700000,0.265631,0.015201,19.000000,0.261517,0.008553,47.600000,CatBoost,0.309857
TissueMNIST,persistence_landscapes,discrete_cells,grayscale,5000,8,3500,5,0.319873,0.015021,3437.600000,0.341203,0.016956,1532.900000,0.385771,0.015136,1292.400000,0.314273,0.015392,44.200000,0.334200,0.019968,81.800000,0.328356,0.020834,54.700000,CatBoost,0.385771
TissueMNIST,persistence_silhouette,discrete_cells,grayscale,5000,8,240,5,0.298533,0.012453,352.600000,0.305720,0.006865,273.800000,0.340597,0.011266,354.000000,0.297695,0.013170,43.100000,0.312656,0.018236,23.600000,0.300029,0.008900,59.500000,CatBoost,0.340597
TissueMNIST,persistence_statistics,discrete_cells,grayscale,5000,8,62,5,0.354109,0.017143,98.300000,0.318265,0.006893,55.200000,0.350467,0.012180,121.800000,0.297905,0.012083,21.500000,0.344551,0.010114,19.700000,0.335581,0.024275,47.100000,TabPFN,0.354109
TissueMNIST,template_functions,discrete_cells,grayscale,5000,8,162,5,0.338161,0.005775,228.300000,0.321282,0.008130,141.400000,0.367651,0.025394,311.000000,0.291496,0.008208,22.900000,0.341223,0.021964,19.300000,0.328629,0.013811,45.900000,CatBoost,0.367651
TissueMNIST,tropical_coordinates,discrete_cells,grayscale,5000,8,144,5,0.304944,0.013031,210.200000,0.300646,0.013418,87.600000,0.325941,0.009017,240.700000,0.264514,0.008986,27.500000,0.301080,0.017995,24.300000,0.281285,0.008291,83.900000,CatBoost,0.325941
